
-------drop total 34 table-------
DROP TABLE KEEP_RECORD ;
DROP TABLE MEMBER_CHATLOG;
DROP TABLE REPORT_MEMBER;
DROP TABLE STORE_CHATLOG;
DROP TABLE REPORT_STORE;
DROP TABLE REM_RECORD;
DROP TABLE VALUE_RECORD;
DROP TABLE COUPON_LIST;
DROP TABLE COUPON;
DROP TABLE CARD_RECORD;
DROP TABLE CARD_LIST;
DROP TABLE CARD;
DROP TABLE FAVORITE_STORE;
DROP TABLE STORE_COMMENT;
DROP TABLE FRIEND_LIST;
DROP TABLE GROUP_BUY;
DROP TABLE EXTRA_LIST;
DROP TABLE ORDER_DETAIL;
DROP TABLE SWEETNESS;
DROP TABLE ICE_LIST;
DROP TABLE EXTRA;
DROP TABLE ORDER_MASTER;
DROP TABLE MERGED_ORDER;
DROP TABLE MERGED_COMMODITY;
DROP TABLE PRODUCT;
DROP TABLE PRODUCT_TYPE;
DROP TABLE AUTH_LIST;
DROP TABLE FUNC_LIST;
DROP TABLE SHOP_AD;
DROP TABLE AD_BLOCK;
DROP TABLE BACKSTAGE_MANAGEMENT;
DROP TABLE STORE_IMAGE;
DROP TABLE STORE_PROFILE;
DROP TABLE MEMBER_PROFILE;
-------end drop----


--------1 MEMBER_PROFILE------------
CREATE TABLE MEMBER_PROFILE(
    MEM_NUM VARCHAR2(12) PRIMARY KEY NOT NULL,
    MEM_ACC VARCHAR2(50) NOT NULL,
    MEM_PWD VARCHAR2(50) NOT NULL,
    MEM_NAME VARCHAR2(50) NOT NULL,
    SEX VARCHAR2(6),
    AGE NUMBER(5,0),
    MOBILE Varchar2(20),
    CEK_MOBILE VARCHAR2(10) NOT NULL,
    EMAIL VARCHAR2(50) NOT NULL,
    ADDRESS VARCHAR2(200),
    REM_POINT NUMBER(10,0),
    MEM_IMG BLOB,
    STATUS VARCHAR2(20)
);


--------end MEMBER_PROFILE------------


--------2 STORE_PROFILE------------
CREATE TABLE STORE_PROFILE (
    STO_NUM VARCHAR2(12) PRIMARY KEY NOT NULL,
    STO_ACC VARCHAR2(50) NOT NULL,
    STO_PWD VARCHAR2(50) NOT NULL,
    STO_NAME VARCHAR2(50) NOT NULL,
    GUY VARCHAR2(20) NOT NULL,
    UNI_NUM NUMBER(20,0) NOT NULL,
    MOBILE VARCHAR2(20) NOT NULL,
    AREA VARCHAR2(50) NOT NULL,
    ADDRESS VARCHAR2(200) NOT NULL,
EMAIL VARCHAR2(50),
    SET_TIME TIMESTAMP DEFAULT CURRENT_TIMESTAMP NOT NULL,
    STO_LOGO BLOB,
    STO_INTRODUCE CLOB,
    STO_STATUS VARCHAR2(20) NOT NULL,
    REM_POINT NUMBER(10,0)
);


--------end STORE_PROFILE------------


--------3 STORE_IMAGE------------
CREATE TABLE STORE_IMAGE (
    IMG_NUM VARCHAR2(12) PRIMARY KEY NOT NULL,
    STO_NUM VARCHAR2(12) NOT NULL,
    IMG BLOB,
    CONSTRAINT STO_NUM
    FOREIGN KEY(STO_NUM) REFERENCES STORE_PROFILE(STO_NUM)
);




--------end STORE_PICTURE------------


--------4 BACKSTAGE_MANAGEMENT------------
CREATE TABLE BACKSTAGE_MANAGEMENT(
BM_NO  VARCHAR2(12) Not Null,
BM_NAME VARCHAR2(12) Not Null, 
BM_NUMBER VARCHAR2(20) Not Null,
BM_MAIL VARCHAR2(50) Not Null,
BM_BANKNUM VARCHAR2(14) Not Null,
BM_IMG BLOB ,
BM_NUM VARCHAR2(10) Not Null,
BM_PWD VARCHAR2(10) Not Null,
BM_JSTATUS Varchar2(20) Not Null,
CONSTRAINT BACKSTAGE_MANAGEMENT PRIMARY KEY(BM_NO)
);





--------end BACKSTAGE_MANAGEMENT------------


--------5 AD_BLOCK------------
CREATE TABLE AD_BLOCK(
AB_NO VARCHAR2(12) Not Null,
AB_NAME VARCHAR2(50) Not Null,
AB_PRICE Number(10) Not Null,
CONSTRAINT AD_BLOCK PRIMARY KEY(AB_NO)
);




--------end AD_BLOCK------------


--------6 SHOP_AD------------
CREATE TABLE SHOP_AD(
SA_NO VARCHAR2(12) Not Null,
STO_NUM VARCHAR2(12) Not Null,
SA_TITLE VARCHAR2(50) Not Null,
SA_TEXT VARCHAR2(50) Not Null,
SA_IMG BLOB ,
SA_VIEWS NUMBER(10) Not Null,
SA_APPTIME TIMESTAMP,
SA_ADDTIME TIMESTAMP,
SA_PREOFFTIME TIMESTAMP,
AB_NO VARCHAR2(12) Not Null,
SA_ADDMODE Varchar2(20) Not Null,
SA_PAYTIME TIMESTAMP,
CONSTRAINT SHOP_AD PRIMARY KEY(SA_NO), 
CONSTRAINT FK_SHOP_AD_STO_NUM 
FOREIGN KEY (STO_NUM) REFERENCES STORE_PROFILE(STO_NUM),
CONSTRAINT FK_SHOP_AD_AB_NO
FOREIGN KEY (AB_NO) REFERENCES AD_BLOCK(AB_NO)
);


--------end SHOP_AD------------


--------7 FUNC_LIST------------
CREATE TABLE FUNC_LIST(
FUNC_NO VARCHAR2(12) Not Null,
FUNC_NAME VARCHAR2(50) Not Null,
CONSTRAINT FUNC_LIST PRIMARY KEY(FUNC_NO)
);



--------end FUNC_LIST------------


--------8 AUTH_LIST------------
CREATE TABLE AUTH_LIST(
BM_NO VARCHAR2(12) Not Null,
FUNC_NO VARCHAR2(12) Not Null,
CONSTRAINT AUTH_LIST PRIMARY KEY(BM_NO, FUNC_NO),
CONSTRAINT FK_AUTH_LIST_BM_NO
FOREIGN KEY (BM_NO) REFERENCES BACKSTAGE_MANAGEMENT(BM_NO), 
CONSTRAINT FK_AUTH_LIST_FUNC_NO
FOREIGN KEY (FUNC_NO) REFERENCES FUNC_LIST(FUNC_NO)
);


--------end AUTH_LIST------------


--------9 PRODUCT_TYPE------------
CREATE TABLE PRODUCT_TYPE(
PT_NUM VARCHAR2(5) Not Null,
PT_NAME VARCHAR2(30),
CONSTRAINT pk_PT_NUM
PRIMARY KEY(PT_NUM)
);



--------end PRODUCT_TYPE------------


--------10 PRODUCT------------
CREATE TABLE PRODUCT(
COM_NUM VARCHAR2(12) Not Null,
STO_NUM VARCHAR2(12) Not Null,
COM_NAME VARCHAR2(100) Not Null,
M_PRICE NUMBER(10) ,
L_PRICE NUMBER(10) ,
DISCRIBE CLOB,
IMG BLOB,
PT_NUM VARCHAR2(5) Not Null,
STATUS VARCHAR2(20) Not Null,
MERCOM_NUM VARCHAR2(12) ,
  CONSTRAINT pk_COM_NUM 
PRIMARY KEY(COM_NUM),
CONSTRAINT FK_PRODUCT_STO_NUM
FOREIGN KEY (STO_NUM) REFERENCES STORE_PROFILE(STO_NUM), 
CONSTRAINT FK_PRODUCT_PT_NUM
FOREIGN KEY (PT_NUM) REFERENCES  PRODUCT_TYPE(PT_NUM)
);







--------end PRODUCT------------


--------11 MERGED_COMMODITY------------
CREATE TABLE MERGED_COMMODITY (
  MERCOM_NUM Varchar2(12)Not Null,
  COM_NUM Varchar2(12)Not Null,
  CONSTRAINT pk_MERCOM_NUM_COM_NUM
PRIMARY KEY(MERCOM_NUM, COM_NUM),
  CONSTRAINT COM_NUM 
FOREIGN KEY(COM_NUM) REFERENCES PRODUCT(COM_NUM)
);




--------end MERGED_COMMODITY------------


--------12 MERGED_ORDER------------
CREATE TABLE MERGED_ORDER (
  MEROR_NUM	Varchar2(10)Not Null,
  MEM_NUM	Varchar2(12)Not Null,
  TOL_AMOUNT Number(10)Not Null,
  CONSTRAINT pk_MEROR_NUM
PRIMARY KEY(MEROR_NUM)
);



--------end MERGED_ORDER------------


--------13 ORDER_MASTER------------
CREATE TABLE ORDER_MASTER (
  OR_NUM Varchar2(12)Not Null,
  MEM_NUM Varchar2(12)Not Null,
  STO_NUM Varchar2(12)Not Null,
  OR_TIME Timestamp DEFAULT CURRENT_TIMESTAMP	Not Null,
  OR_STANUM Varchar2(20)Not Null,
  RECE Varchar2(10),
  PAY_MEN Varchar2(10),
  PRE_RECE Timestamp,
  OR_AMOUNT Number(10)Not Null,
  MEROR_NUM Varchar2(10),
ADDRESS VARCHAR2(200),
GAME Number(10),
  CONSTRAINT pk_OR_NUM
PRIMARY KEY(OR_NUM),
  CONSTRAINT ORDER_MASTER_MEM_NUM
FOREIGN KEY(MEM_NUM) REFERENCES MEMBER_PROFILE(MEM_NUM),
  CONSTRAINT ORDER_MASTER_STO_NUM
FOREIGN KEY(STO_NUM) REFERENCES STORE_PROFILE(STO_NUM),
  CONSTRAINT ORDER_MASTER_MEROR_NUM
FOREIGN KEY(MEROR_NUM) REFERENCES MERGED_ORDER(MEROR_NUM)
);



--------end ORDER_MASTER------------


--------14 EXTRA------------
CREATE TABLE EXTRA (
  EXT_NUM	Varchar2(12)Not Null,
  EXT_NAME	Varchar2(20)Not Null,
  STO_NUM	Varchar2(12)Not Null,
  EXT_AMOUNT	Number(3)Not Null,
  STATUS 	Varchar2(20)Not Null,
  CONSTRAINT pk_EXT_NUM
PRIMARY KEY(EXT_NUM),
  CONSTRAINT EXTRA_STO_NUM   
FOREIGN KEY(STO_NUM) REFERENCES STORE_PROFILE(STO_NUM)
);



--------end EXTRA------------


--------15 ICE_LIST------------
CREATE TABLE ICE_LIST (
  ICE_NUM	Varchar2(12)Not Null,
  STO_NUM	Varchar2(12)Not Null,
  ICE_TYPE  Varchar2(20)Not Null,
  STATUS	Varchar2(20)Not Null,
  CONSTRAINT pk_ICE_NUM
PRIMARY KEY(ICE_NUM),
  CONSTRAINT ICE_LIST_STO_NUM 
FOREIGN KEY(STO_NUM) REFERENCES STORE_PROFILE(STO_NUM)
);



--------end ICE_LIST------------


--------16 SWEETNESS------------
CREATE TABLE SWEETNESS (
  SWEET_NUM	Varchar2(12)Not Null,
  STO_NUM	Varchar2(12)Not Null,
  SWEET_TYPE Varchar2(20)Not Null,
  STATUS Varchar2(20)Not Null,
  CONSTRAINT pk_SWEET_NUM
PRIMARY KEY(SWEET_NUM),
  CONSTRAINT SWEETNESS_STO_NUM 
FOREIGN KEY(STO_NUM) REFERENCES STORE_PROFILE(STO_NUM)
);



--------end SWEETNESS------------


--------17 ORDER_DETAIL------------
CREATE TABLE ORDER_DETAIL (
  ORDET_NUM Varchar2(12)Not Null,
  COM_NUM Varchar2(12)Not Null,
  OR_NUM Varchar2(12)Not Null,
  SWEET_NUM Varchar2(12)Not Null,
  ICE_NUM Varchar2(12)Not Null,
COM_SIZE Varchar2(1)Not Null,
MERCOM_NUM Varchar2(12),
OD_PRICE Number(10)Not Null,
  CONSTRAINT pk_ORDET_NUM
PRIMARY KEY(ORDET_NUM),
  CONSTRAINT ORDER_DETAIL_COM_NUM
FOREIGN KEY(COM_NUM) REFERENCES PRODUCT(COM_NUM),
  CONSTRAINT ORDER_DETAIL_OR_NUM
FOREIGN KEY(OR_NUM) REFERENCES ORDER_MASTER(OR_NUM),
  CONSTRAINT ORDER_DETAIL_SWEET_NUM
FOREIGN KEY(SWEET_NUM) REFERENCES SWEETNESS(SWEET_NUM),
  CONSTRAINT ORDER_DETAIL_ICE_NUM 
FOREIGN KEY(ICE_NUM) REFERENCES ICE_LIST(ICE_NUM)
);




--------end ORDER_DETAIL------------


--------18 EXTRA_LIST------------
CREATE TABLE EXTRA_LIST (
  ORDET_NUM	Varchar2(12)Not Null,
  EXT_NUM	Varchar2(12)Not Null,
  CONSTRAINT pk_ORDET_NUM_EXT_NUM
PRIMARY KEY(ORDET_NUM, EXT_NUM),
  CONSTRAINT EXTRA_LIST_ORDET_NUM 
FOREIGN KEY(ORDET_NUM) REFERENCES ORDER_DETAIL(ORDET_NUM),
  CONSTRAINT EXTRA_LIST_EXT_NUM 
FOREIGN KEY(EXT_NUM) REFERENCES EXTRA(EXT_NUM)
); 


--------end EXTRA_LIST------------


--------19 GROUP_BUY------------
CREATE TABLE GROUP_BUY (
  INV_MEM_NUM	Varchar2(12)Not Null,
  INVD_MEM_NUM	Varchar2(12)Not Null,
  MEROR_NUM	Varchar2(10)Not Null,
  ISACCEPT Varchar2(10)Not Null,
INV_TIME Timestamp DEFAULT CURRENT_TIMESTAMP	Not Null,
  CONSTRAINT pk_INV_MEM_INVD_MEM_MEROR_NUM
PRIMARY KEY(INV_MEM_NUM, INVD_MEM_NUM, MEROR_NUM),
  CONSTRAINT GROUP_BUY_INV_MEM_NUM 
FOREIGN KEY(INV_MEM_NUM) REFERENCES MEMBER_PROFILE(MEM_NUM),
  CONSTRAINT GROUP_BUY_INVD_MEM_NUM 
FOREIGN KEY(INVD_MEM_NUM) REFERENCES MEMBER_PROFILE(MEM_NUM),
  CONSTRAINT GROUP_BUY_MEROR_NUM 
FOREIGN KEY(MEROR_NUM) REFERENCES MERGED_ORDER(MEROR_NUM)
);



--------end GROUP_BUY------------


--------20 FRIEND_LIST------------
CREATE TABLE FRIEND_LIST (
  INV_MEM_NUM Varchar2(12)Not Null,
  INVD_MEM_NUM Varchar2(12)Not Null,
  JOIN_TIME Timestamp DEFAULT CURRENT_TIMESTAMP	Not Null,
  ISFRIEND Varchar2(10)Not Null,
  CONSTRAINT pk_INV_MEM_NUM_INVD_MEM_NUM
PRIMARY KEY(INV_MEM_NUM, INVD_MEM_NUM),
  CONSTRAINT FRIEND_LIST_INV_MEM_NUM
FOREIGN KEY(INV_MEM_NUM) REFERENCES MEMBER_PROFILE(MEM_NUM),
  CONSTRAINT FRIEND_LIST_INTD_MEM_NUM 
FOREIGN KEY(INVD_MEM_NUM) REFERENCES MEMBER_PROFILE(MEM_NUM)
);



--------end FRIEND_LIST------------


--------21 STORE_COMMENT------------
CREATE TABLE STORE_COMMENT (
  COM_NUM Varchar2(15)Not Null,
  COM_TITLE Varchar2(50),	
  STO_NUM	Varchar2(12)Not Null,
  MEM_NUM Varchar2(12)Not Null,
  STARS Number(2)Not Null,
  COMMENTT Varchar2(600),
  STATUS Varchar2(20) default '一般',
OR_NUM Varchar2(12),
  COM_TIME Timestamp DEFAULT CURRENT_TIMESTAMP	Not Null,
  CONSTRAINT pk_STORE_COMMENT_COM_NUM
PRIMARY KEY(COM_NUM),
CONSTRAINT STORE_COMMENT_OR_NUM
 FOREIGN KEY(OR_NUM) REFERENCES ORDER_MASTER(OR_NUM),
  CONSTRAINT STORE_COMMENT_STO_NUM 
FOREIGN KEY(STO_NUM) REFERENCES STORE_PROFILE(STO_NUM),
  CONSTRAINT STORE_COMMENT_MEM_NUM
FOREIGN KEY(MEM_NUM) REFERENCES MEMBER_PROFILE(MEM_NUM)
);


--------end STORE_COMMENT------------


--------22 FAVORITE_STORE------------
CREATE TABLE FAVORITE_STORE (
  MEM_NUM Varchar2(12)Not Null,
  STO_NUM Varchar2(12)Not Null,
  IS_FAVO Varchar2(5)Not Null,
  CHANG_TIME Timestamp DEFAULT CURRENT_TIMESTAMP	Not Null,
  CONSTRAINT pk_MEM_NUM_STO_NUM
PRIMARY KEY(MEM_NUM, STO_NUM),
  CONSTRAINT FAVORITE_STORE_MEM_NUM 
FOREIGN KEY(MEM_NUM) REFERENCES MEMBER_PROFILE(MEM_NUM),
  CONSTRAINT FAVORITE_STORE_STO_NUM 
FOREIGN KEY(STO_NUM) REFERENCES STORE_PROFILE(STO_NUM)
);



--------end FAVORITE_STORE------------


--------23 CARD------------
CREATE TABLE CARD(
CARD_KINDS Varchar2(5) Not Null,
STO_NUM Varchar2(12) Not Null,
POINTS Number(2) Not Null,
POINTS_CASH Number(2) Not Null,
CARD_DES CLOB Not Null,
EXP_DATE Number(2) Not Null,
STATUS Varchar2(20) DEFAULT '下架' Not Null ,
CONSTRAINT CARD PRIMARY KEY(CARD_KINDS),
CONSTRAINT FK_CARD_STO_NUM
FOREIGN KEY (STO_NUM) REFERENCES STORE_PROFILE(STO_NUM)     
);



--------end CARD------------


--------24 CARD_LIST------------
CREATE TABLE CARD_LIST(
CARD_NUM VARCHAR2(8) Not Null,
MEM_NUM VARCHAR2(12) Not Null,
STO_NUM VARCHAR2(12) Not Null,
CARD_KINDS VARCHAR2(5) Not Null,
VALUE NUMBER(2) Not Null,
STATUS VARCHAR2(20) DEFAULT '尚未集滿' Not Null,
OR_NUM VARCHAR2(12),
EXP_DATE TIMESTAMP Not Null,
USED_DATE TIMESTAMP,
CONSTRAINT CARD_LIST PRIMARY KEY(CARD_NUM),
CONSTRAINT FK_CARD_LIST_MEM_NUM
FOREIGN KEY (MEM_NUM) REFERENCES MEMBER_PROFILE(MEM_NUM),
CONSTRAINT FK_CARD_LIST_STO_NUM
FOREIGN KEY (STO_NUM) REFERENCES STORE_PROFILE(STO_NUM),
CONSTRAINT FK_CARD_LIST_CARD_KINDS
FOREIGN KEY (CARD_KINDS) REFERENCES CARD(CARD_KINDS),  
CONSTRAINT FK_CARD_LIST_OR_NUM
FOREIGN KEY (OR_NUM) REFERENCES ORDER_MASTER(OR_NUM)    
);




--------end CARD_LIST------------


--------25 CARD_RECORD------------
CREATE TABLE CARD_RECORD(
CARD_NUM VARCHAR2(8) Not Null,
OR_NUM VARCHAR2(12) Not Null,
ADD_VALUE NUMBER(2) Not Null,
GET_DATE TIMESTAMP DEFAULT SYSDATE Not NULL, 
CONSTRAINT CARD_RECORD PRIMARY KEY(CARD_NUM,OR_NUM),
CONSTRAINT FK_CARD_RECORD_OR_NUM
FOREIGN KEY (OR_NUM) REFERENCES ORDER_MASTER(OR_NUM),
CONSTRAINT FK_CARD_RECORD_CARD_NUM
FOREIGN KEY (CARD_NUM) REFERENCES CARD_LIST(CARD_NUM)   
);



--------end CARD_RECORD------------


--------26 COUPON------------
CREATE TABLE COUPON(
COUPON_NUM VARCHAR2(8) NOT NULL,
STO_NUM VARCHAR2(12) NOT NULL,
COUPON_CASH NUMBER(2) NOT NULL,
COUPON_DESC CLOB NOT NULL,
LEFT NUMBER(4) NOT NULL,
TOTAL NUMBER(4) NOT NULL,
APPLY_DATE TIMESTAMP DEFAULT SYSDATE NOT NULL,
UP_DATE TIMESTAMP NOT NULL,
DOWN_DATE TIMESTAMP NOT NULL,
EXP_DATE TIMESTAMP NOT NULL,
IMAGE BLOB,
NOTICE_DESC CLOB NOT NULL,
NOTICE_UP_DATE TIMESTAMP NOT NULL,
NOTICE_DOWN_DATE TIMESTAMP NOT NULL,
COUPON_STATUS VARCHAR2(20) DEFAULT '審核中',
CONSTRAINT COUPON PRIMARY KEY(COUPON_NUM),
CONSTRAINT FK_COUPON_STO_NUM
FOREIGN KEY (STO_NUM) REFERENCES STORE_PROFILE(STO_NUM)
);

--------end COUPON------------


--------27 COUPON_LIST------------
CREATE TABLE COUPON_LIST(
COUPON_NUM VARCHAR2(8) Not Null, 
COUPON_AMOUNT NUMBER(5) Not Null,
MEM_NUM VARCHAR2(12),
OR_NUM VARCHAR2(12),
GET_DATE TIMESTAMP,
USED_DATE TIMESTAMP,    
CONSTRAINT COUPON_LIST PRIMARY KEY(COUPON_NUM,COUPON_AMOUNT),
CONSTRAINT FK_COUPON_LIST_COUPON_NUM
FOREIGN KEY (COUPON_NUM) REFERENCES COUPON(COUPON_NUM), 
CONSTRAINT FK_COUPON_LIST_MEM_NUM
FOREIGN KEY (MEM_NUM) REFERENCES MEMBER_PROFILE(MEM_NUM),
CONSTRAINT FK_COUPON_LIST_OR_NUM
FOREIGN KEY (OR_NUM) REFERENCES ORDER_MASTER(OR_NUM)
);



--------end COUPON_LIST------------


--------28 VALUE_RECORD------------
CREATE TABLE VALUE_RECORD(
VALUE_NUM VARCHAR2(12) NOT NULL,
MEM_NUM VARCHAR2(12) NOT NULL,
VALUE_DATE TIMESTAMP DEFAULT SYSDATE NOT NULL,
VALUE_CASH NUMBER(10) NOT NULL,
CONSTRAINT VALUE_RECORD PRIMARY KEY(VALUE_NUM),
CONSTRAINT FK_VALUE_RECORD_MEM_NUM FOREIGN KEY 
(MEM_NUM) REFERENCES MEMBER_PROFILE(MEM_NUM)
);



--------end VALUE_RECORD------------


--------29 REM_RECORD------------
CREATE TABLE REM_RECORD(
REM_NUM VARCHAR(12) Not NuLL,
STO_NUM VARCHAR2(12) Not Null,
REM_ACCOUNT NUMBER(16) Not Null,
REM_CASH NUMBER(10) Not Null,
APPLY_DATE TIMESTAMP DEFAULT SYSDATE NOT NULL,
REM_DATE TIMESTAMP,
REM_STATUS VARCHAR2(40) DEFAULT '審核中',
CONSTRAINT REM_RECORD PRIMARY KEY(REM_NUM),
CONSTRAINT FK_REM_RECORD_STO_NUM
FOREIGN KEY (STO_NUM) REFERENCES STORE_PROFILE(STO_NUM)      
);



--------end REM_RECORD------------


--------30 REPORT_STORE------------
CREATE TABLE REPORT_STORE(
RPT_SNUM VARCHAR2(12) Not Null,
STO_NUM VARCHAR2(12) Not Null,
MEM_NUM VARCHAR2(12) ,
COM_NUM VARCHAR2(15) ,
RPT_TIME TIMESTAMP Not Null,
STATUS VARCHAR2(20) default '待處理' Not Null ,
STAFF_NUM VARCHAR2(12),
SCORE NUMBER(1),
WAY VARCHAR2(20),
CONTENT VARCHAR2(600) ,
CONSTRAINT pk_RPT_SNUM
PRIMARY KEY(RPT_SNUM),
CONSTRAINT REPORT_STORE_STO_NUM
FOREIGN KEY (STO_NUM) REFERENCES STORE_PROFILE(STO_NUM), 
CONSTRAINT REPORT_STORE_MEM_NUM
FOREIGN KEY (MEM_NUM) REFERENCES MEMBER_PROFILE(MEM_NUM), 
CONSTRAINT REPORT_STORE_COM_NUM
FOREIGN KEY (COM_NUM) REFERENCES STORE_COMMENT(COM_NUM), 
CONSTRAINT REPORT_STORE_STAFF_NUM
FOREIGN KEY (STAFF_NUM) REFERENCES BACKSTAGE_MANAGEMENT(BM_NO)
);


--------end REPORT_STORE------------


--------31 STORE_CHATLOG------------
CREATE TABLE STORE_CHATLOG(
SC_NUM VARCHAR2(12) Not Null,
RPT_SNUM VARCHAR2(12) Not Null,
CLOG_NAME VARCHAR2(50),
CONTENT CLOB,
CLOG_TIME TIMESTAMP Not Null,
CONSTRAINT pk_SC_NUM
PRIMARY KEY(SC_NUM),
CONSTRAINT STORE_CHATLOG_RPT_SNUM
FOREIGN KEY (RPT_SNUM) REFERENCES  REPORT_STORE(RPT_SNUM)
);



--------end STORE_CHATLOG------------


--------32 REPORT_MEMBER------------
CREATE TABLE REPORT_MEMBER(
RPT_MNUM VARCHAR2(12) Not Null,
MEM_NUM VARCHAR2(12) Not Null,
MEM_NUM2 VARCHAR2(12) ,
STO_NUM VARCHAR2(12) ,
COM_NUM VARCHAR2(15) ,
RPT_TIME TIMESTAMP Not Null,
STATUS VARCHAR2(20) default '待處理' Not Null ,
STAFF_NUM VARCHAR2(12),
SCORE NUMBER(1),
WAY VARCHAR2(20),
CONTENT VARCHAR2(600) ,
CONSTRAINT pk_RPT_MNUM
PRIMARY KEY(RPT_MNUM),
CONSTRAINT REPORT_MEMBER_MEM_NUM
FOREIGN KEY (MEM_NUM) REFERENCES MEMBER_PROFILE(MEM_NUM), 
CONSTRAINT REPORT_MEMBER_MEM_NUM2
FOREIGN KEY (MEM_NUM2) REFERENCES MEMBER_PROFILE(MEM_NUM), 
CONSTRAINT REPORT_MEMBER_STO_NUM
FOREIGN KEY (STO_NUM) REFERENCES STORE_PROFILE(STO_NUM), 
CONSTRAINT REPORT_MEMBER_COM_NUM
FOREIGN KEY (COM_NUM) REFERENCES STORE_COMMENT(COM_NUM), 
CONSTRAINT REPORT_MEMBER_STAFF_NUM
FOREIGN KEY (STAFF_NUM) REFERENCES BACKSTAGE_MANAGEMENT(BM_NO)
);



--------end REPORT_MEMBER------------


--------33 MEMBER_CHATLOG------------
CREATE TABLE MEMBER_CHATLOG(
MC_NUM VARCHAR2(12) Not Null,
RPT_MNUM VARCHAR2(12) Not Null,
CLOG_NAME VARCHAR2(50),
CONTENT CLOB,
CLOG_TIME TIMESTAMP Not Null,
CONSTRAINT pk_MC_NUM
PRIMARY KEY(MC_NUM),
CONSTRAINT MEMBER_CHATLOG_RPT_MNUM
FOREIGN KEY (RPT_MNUM) REFERENCES  REPORT_MEMBER(RPT_MNUM)
);

--------end MEMBER_CHATLOG------------


--------34 KEEP_RECORD ------------
CREATE TABLE KEEP_RECORD (
    KEEP_NUM VARCHAR2(12) PRIMARY KEY NOT NULL,
    MEM_NUM VARCHAR2(12) NOT NULL,
    STO_NUM VARCHAR2(12) NOT NULL,
    COM_NUM VARCHAR2(12) NOT NULL,
    ORDET_NUM VARCHAR2(12) NOT NULL,
    KEEP_TIME TIMESTAMP DEFAULT CURRENT_TIMESTAMP NOT NULL,
    REC_TIME TIMESTAMP,
    KEEP_STATUS VARCHAR2(20),
	FAIL_REASON VARCHAR2(100),
    CONSTRAINT KEEP_RECORD_MEM_NUM
FOREIGN KEY(MEM_NUM) REFERENCES                        
MEMBER_PROFILE(MEM_NUM),
    CONSTRAINT KEEP_RECORD_STO_NUM 
    FOREIGN KEY(STO_NUM) REFERENCES STORE_PROFILE(STO_NUM),
    CONSTRAINT KEEP_RECORD_COM_NUM 
    FOREIGN KEY(COM_NUM) REFERENCES PRODUCT(COM_NUM),
    CONSTRAINT KEEP_RECORD_ORDET_NUM 
FOREIGN KEY(ORDET_NUM) REFERENCES ORDER_DETAIL(ORDET_NUM)
);

--------end KEEP_RECORD ------------


------------------end CREATE--------------


commit;

--------end




--------1 MEMBER_PROFILE------------

INSERT INTO MEMBER_PROFILE
(MEM_NUM,MEM_ACC,MEM_PWD,MEM_NAME,SEX,AGE,MOBILE,CEK_MOBILE,EMAIL,ADDRESS,REM_POINT)
VALUES('MB0000000001','monkey123','monkey456','monkey','男',20,'0912-345678','是','monkey@gmail.com','桃園市中正路1000號',100);

INSERT INTO MEMBER_PROFILE
(MEM_NUM,MEM_ACC,MEM_PWD,MEM_NAME,SEX,AGE,MOBILE,CEK_MOBILE,EMAIL,ADDRESS,REM_POINT)
VALUES('MB0000000002','cat123','cat456','cat','女',18,'0987-654321','驗證中','cat@gmail.com','桃園市正中路10號',1000);

INSERT INTO MEMBER_PROFILE
(MEM_NUM,MEM_ACC,MEM_PWD,MEM_NAME,SEX,AGE,MOBILE,CEK_MOBILE,EMAIL,ADDRESS,REM_POINT)
VALUES('MB0000000003','dog123','dog456','dog','男',22,'0912-348765','否','dog@gmail.com','桃園市中正路100號',10); 

INSERT INTO MEMBER_PROFILE
(MEM_NUM,MEM_ACC,MEM_PWD,MEM_NAME,SEX,AGE,MOBILE,CEK_MOBILE,EMAIL,ADDRESS,REM_POINT)
VALUES('MB0000000004','fat123','fat456','fat','男',23,'0922-348765','是','fat@gmail.com','桃園市中山路100號',101); 

INSERT INTO MEMBER_PROFILE
(MEM_NUM,MEM_ACC,MEM_PWD,MEM_NAME,SEX,AGE,MOBILE,CEK_MOBILE,EMAIL,ADDRESS,REM_POINT)
VALUES('MB0000000005','thin123','thin456','thin','女',24,'0932-348765','是','thin@gmail.com','桃園市中山路99號',99); 

INSERT INTO MEMBER_PROFILE
(MEM_NUM,MEM_ACC,MEM_PWD,MEM_NAME,SEX,AGE,MOBILE,CEK_MOBILE,EMAIL,ADDRESS,REM_POINT)
VALUES('MB0000000006','hello123','hello456','hello','女',25,'0942-348765','是','hello@gmail.com','桃園市中山路98號',98); 

INSERT INTO MEMBER_PROFILE
(MEM_NUM,MEM_ACC,MEM_PWD,MEM_NAME,SEX,AGE,MOBILE,CEK_MOBILE,EMAIL,ADDRESS,REM_POINT)
VALUES('MB0000000007','good123','good456','good','男',26,'0952-348765','否','good@gmail.com','桃園市中山路98號',98); 
--------end MEMBER_PROFILE------------


--------2 STORE_PROFILE------------

INSERT INTO STORE_PROFILE
(STO_NUM,STO_ACC,STO_PWD,STO_NAME,GUY,UNI_NUM,MOBILE,AREA,ADDRESS,STO_INTRODUCE,STO_STATUS,REM_POINT)
VALUES('ST0000000001','shop1','store1','清心福全','陳靖元',12345678,'03-3345678','桃園市桃園區','中正路475號',
'清心福全企業集團秉持「誠信」、「用心」、「創新」、「惜福」之精神，力求務實經營、嚴謹管理、穩健成長、永續發展，不斷精進創發，歷久彌新，深耕台灣，弘揚台灣茶飲文化。','已上架',10000);

INSERT INTO STORE_PROFILE
(STO_NUM,STO_ACC,STO_PWD,STO_NAME,GUY,UNI_NUM,MOBILE,AREA,ADDRESS,STO_INTRODUCE,STO_STATUS,REM_POINT)
VALUES('ST0000000002','shop2','store2','50嵐','陳少文',87654321,'03-1234567','桃園市桃園區','復興路365-6號',
'5o嵐商標屬於五十嵐企業有限公司，自１９９４年始於台南德興路路邊的一個小攤子，三年後，我們有了第一間標準店新孝店。而後，遇到一群同樣對茶飲有熱情的親朋好友加入，由新嵐有限公司２０００年於高雄成立高雄總店，然後陸續在２００２年由雅嵐有限公司在台中、２００３年由深耕茶業有限公司在台北、２００５年由春嵐有限公司在桃竹分別成立各區總店。這些年來我們只致力在台灣耕耘，並堅持只賣茶飲，用精選茶葉，搭配好的原料，新鮮現調每一杯茶飲。感謝每一位支持5o嵐的客人一直以來對我們的愛護，我們將更努力，希望能提供更好的商品與服務給每一位客人。','申請中',0);

INSERT INTO STORE_PROFILE
(STO_NUM,STO_ACC,STO_PWD,STO_NAME,GUY,UNI_NUM,MOBILE,AREA,ADDRESS,STO_INTRODUCE,STO_STATUS,REM_POINT)
VALUES('ST0000000003','shop3','store3','COCO都可','邱慶昕',12348765,'03-7654321','桃園市桃園區','民生路26號',
'CoCo都可重視員工的發展，創造一個充滿歡樂、健康、有願景的工作環境給每一位同仁。在這邊工作的每一個人，無論是總公司或是門市端的夥伴，都是一群幸福快樂的工作者。我們希望營造的工作環境能真正令人感到愉悅，使得這一份快樂的氣氛，能進而傳達給每一位消費者。','未上架',100); 

INSERT INTO STORE_PROFILE
(STO_NUM,STO_ACC,STO_PWD,STO_NAME,GUY,UNI_NUM,MOBILE,AREA,ADDRESS,STO_INTRODUCE,STO_STATUS,REM_POINT)
VALUES('ST0000000004','shop4','store4','茶湯會','張三',12348766,'03-7654322','桃園市桃園區','新生路26號',
'三十年茶湯硬底子，品選茶葉真功夫。
堅持以茶會友的初衷，為您真心做到最好。
提供最用心的幸福好茶，感受每一杯的人情滋味。','未上架',100);

INSERT INTO STORE_PROFILE
(STO_NUM,STO_ACC,STO_PWD,STO_NAME,GUY,UNI_NUM,MOBILE,AREA,ADDRESS,STO_INTRODUCE,STO_STATUS,REM_POINT)
VALUES('ST0000000005','shop5','store5','麻古茶坊','李四',22348766,'03-7555322','桃園市桃園區','新生北路26號','打造全新的飲品型態 : 將傳統的茶飲與新鮮自然的文化融合一體，為消費者提供更健康更具活力的健康飲品，結合現代的潮流時尚 - 是麻古經營的宗旨。','已上架',1000);

INSERT INTO STORE_PROFILE
(STO_NUM,STO_ACC,STO_PWD,STO_NAME,GUY,UNI_NUM,MOBILE,AREA,ADDRESS,STO_INTRODUCE,STO_STATUS,REM_POINT)
VALUES('ST0000000006','shop6','store6','大苑子','王五',22228766,'03-7555555','桃園市桃園區','新生北路70號',' 100%新鮮鮮搾，堅持只給您最好、最天然的新鮮果汁!! 「嚐鮮.常鮮」是我們的經營理念，除了秉持品質、新鮮、親切、專業為第一要求，更時常推出新產品。','已上架',10500);

INSERT INTO STORE_PROFILE
(STO_NUM,STO_ACC,STO_PWD,STO_NAME,GUY,UNI_NUM,MOBILE,AREA,ADDRESS,STO_INTRODUCE,STO_STATUS,REM_POINT)
VALUES('ST0000000007','shop7','store7','迷客夏','謝六',22228788,'03-7777555','桃園市桃園區','新北路80號','迷客夏綠光牧場主題飲品, 台南市（Tainan, Taiwan）. 29K likes. 源自於台灣酪農對土地 ... 【迷報報- 草地狀元】 各位迷粉，對迷客夏認知有多少呢？ 想要更深入了解嗎？','已上架',15000);




--------end STORE_PROFILE------------


--------3 STORE_IMAGE------------

INSERT INTO STORE_IMAGE
(IMG_NUM,STO_NUM)
VALUES('SI0000000001','ST0000000001');

INSERT INTO STORE_IMAGE
(IMG_NUM,STO_NUM)
VALUES('SI0000000002','ST0000000002');

INSERT INTO STORE_IMAGE
(IMG_NUM,STO_NUM)
VALUES('SI0000000003','ST0000000003');

INSERT INTO STORE_IMAGE
(IMG_NUM,STO_NUM)
VALUES('SI0000000004','ST0000000004');

INSERT INTO STORE_IMAGE
(IMG_NUM,STO_NUM)
VALUES('SI0000000005','ST0000000005');

INSERT INTO STORE_IMAGE
(IMG_NUM,STO_NUM)
VALUES('SI0000000006','ST0000000006');

INSERT INTO STORE_IMAGE
(IMG_NUM,STO_NUM)
VALUES('SI0000000007','ST0000000007');

--------end STORE_IMAGE------------


--------4 BACKSTAGE_MANAGEMENT------------

INSERT INTO BACKSTAGE_MANAGEMENT
(BM_NO, BM_NAME, BM_NUMBER, BM_MAIL, BM_BANKNUM,  BM_NUM, BM_PWD, BM_JSTATUS)
VALUES('BM0000000001', '小明', '0966-779887', 'min666@hotmail.com', '7997797799',  'bm001', 'bm001', '在職');


INSERT INTO BACKSTAGE_MANAGEMENT
(BM_NO, BM_NAME, BM_NUMBER, BM_MAIL, BM_BANKNUM,  BM_NUM, BM_PWD, BM_JSTATUS)
VALUES('BM0000000002', '小華', '0963-667556', 'hua666@hotmail.com', '6126565656',  'bm002', 'bm002', '在職');

INSERT INTO BACKSTAGE_MANAGEMENT
(BM_NO, BM_NAME, BM_NUMBER, BM_MAIL, BM_BANKNUM,  BM_NUM, BM_PWD, BM_JSTATUS)
VALUES('BM0000000003', '小偉', '0977-677677', 'wai666@hotmail.com', '9891516879',  'bm003', 'bm003', '在職'); 


INSERT INTO BACKSTAGE_MANAGEMENT
(BM_NO, BM_NAME, BM_NUMBER, BM_MAIL, BM_BANKNUM,  BM_NUM, BM_PWD, BM_JSTATUS)
VALUES('BM0000000004', '小智', '0973-643687', 'g666@hotmail.com', '9876543210',  'bm004', 'bm004', '離職');
 
INSERT INTO BACKSTAGE_MANAGEMENT
(BM_NO, BM_NAME, BM_NUMBER, BM_MAIL, BM_BANKNUM,  BM_NUM, BM_PWD, BM_JSTATUS)
VALUES('BM0000000005', '小剛', '0973-657531', 'gun666@hotmail.com', '6457823199',  'bm005', 'bm005', '離職');
 
INSERT INTO BACKSTAGE_MANAGEMENT
(BM_NO, BM_NAME, BM_NUMBER, BM_MAIL, BM_BANKNUM,  BM_NUM, BM_PWD, BM_JSTATUS)
VALUES('BM0000000006', '小杉', '0973-764853', 'san666@hotmail.com', '5784632198',  'bm006', 'bm006', '在職');
 
INSERT INTO BACKSTAGE_MANAGEMENT
(BM_NO, BM_NAME, BM_NUMBER, BM_MAIL, BM_BANKNUM,  BM_NUM, BM_PWD, BM_JSTATUS)
VALUES('BM0000000007', '山田', '0985-647531', 'santian666@hotmail.com', '7648532197',  'bm007', 'bm007', '離職');



--------end BACKSTAGE_MANAGEMENT------------


--------5 AD_BLOCK------------

INSERT INTO AD_BLOCK
(AB_NO, AB_NAME, AB_PRICE)
VALUES('AB0000000001', '首頁區塊', 6666);

INSERT INTO AD_BLOCK
(AB_NO, AB_NAME, AB_PRICE)
VALUES('AB0000000002', '側邊區塊', 333);

INSERT INTO AD_BLOCK
(AB_NO, AB_NAME, AB_PRICE)
VALUES('AB0000000003', '頁尾區塊', 555);

--------end AD_BLOCK------------


--------6 SHOP_AD------------

INSERT INTO SHOP_AD
(SA_NO, STO_NUM, SA_TITLE, SA_TEXT,  SA_VIEWS, SA_APPTIME, SA_ADDTIME, SA_PREOFFTIME, AB_NO, SA_ADDMODE, SA_PAYTIME)
VALUES('AD0000000001', 'ST0000000001', '甘甜順口', '喝了會上癮', 0, to_date('2017-6-25','yyyy-mm-dd'),to_date('2017-8-31','yyyy-mm-dd'), to_date('2017-12-31','yyyy-mm-dd'), 'AB0000000001', '上架', to_date('2017-7-31','yyyy-mm-dd'));

INSERT INTO SHOP_AD
(SA_NO, STO_NUM, SA_TITLE, SA_TEXT,  SA_VIEWS, SA_APPTIME, SA_ADDTIME, SA_PREOFFTIME, AB_NO, SA_ADDMODE, SA_PAYTIME)
VALUES('AD0000000002', 'ST0000000002', '纖體瘦身', '酸的豪棒棒', 0, to_date('2017-7-25','yyyy-mm-dd'),to_date('2017-8-15','yyyy-mm-dd'), to_date('2017-9-16','yyyy-mm-dd'), 'AB0000000002', '上架', to_date('2017-7-30','yyyy-mm-dd'));
 
INSERT INTO SHOP_AD
(SA_NO, STO_NUM, SA_TITLE, SA_TEXT,  SA_VIEWS, SA_APPTIME, SA_ADDTIME, SA_PREOFFTIME, AB_NO, SA_ADDMODE, SA_PAYTIME)
VALUES('AD0000000003', 'ST0000000003', '清涼一夏', '酷涼到心底', 0, to_date('2017-6-01','yyyy-mm-dd'),to_date('2017-7-01','yyyy-mm-dd'), to_date('2017-11-01','yyyy-mm-dd'), 'AB0000000003', '上架', to_date('2017-6-06','yyyy-mm-dd'));
 
INSERT INTO SHOP_AD
(SA_NO, STO_NUM, SA_TITLE, SA_TEXT,  SA_VIEWS, SA_APPTIME, SA_ADDTIME, SA_PREOFFTIME, AB_NO, SA_ADDMODE, SA_PAYTIME)
VALUES('AD0000000004', 'ST0000000004', 'CandCLemon', '啾啾', 0, to_date('2017-4-01','yyyy-mm-dd'),to_date('2017-5-01','yyyy-mm-dd'), to_date('2017-12-12','yyyy-mm-dd'), 'AB0000000001', '上架', to_date('2017-4-06','yyyy-mm-dd'));
 
INSERT INTO SHOP_AD
(SA_NO, STO_NUM, SA_TITLE, SA_TEXT,  SA_VIEWS, SA_APPTIME, SA_ADDTIME, SA_PREOFFTIME, AB_NO, SA_ADDMODE, SA_PAYTIME)
VALUES('AD0000000005', 'ST0000000005', '甜美滋味', '1111不再失溫', 0, to_date('2017-10-25','yyyy-mm-dd'),to_date('2017-11-01','yyyy-mm-dd'), to_date('2017-12-30','yyyy-mm-dd'), 'AB0000000002', '上架', to_date('2017-10-30','yyyy-mm-dd'));
 
INSERT INTO SHOP_AD
(SA_NO, STO_NUM, SA_TITLE, SA_TEXT,  SA_VIEWS, SA_APPTIME, SA_ADDTIME, SA_PREOFFTIME, AB_NO, SA_ADDMODE, SA_PAYTIME)
VALUES('AD0000000006', 'ST0000000006', '不給糖就搗蛋', '整人酸辣飲', 0, to_date('2017-10-25','yyyy-mm-dd'),to_date('2017-11-01','yyyy-mm-dd'), to_date('2017-10-30','yyyy-mm-dd'), 'AB0000000003', '上架', to_date('2017-11-01','yyyy-mm-dd'));
 
INSERT INTO SHOP_AD
(SA_NO, STO_NUM, SA_TITLE, SA_TEXT,  SA_VIEWS, SA_APPTIME, SA_ADDTIME, SA_PREOFFTIME, AB_NO, SA_ADDMODE, SA_PAYTIME)
VALUES('AD0000000007', 'ST0000000007', '溫馨滿滿', '呵護妳每個月的不舒適', 0, to_date('2017-9-25','yyyy-mm-dd'),to_date('2017-10-01','yyyy-mm-dd'), to_date('2017-6-12','yyyy-mm-dd'), 'AB0000000002', '上架', to_date('2017-9-30','yyyy-mm-dd')); 


--------end SHOP_AD------------


--------7 FUNC_LIST------------

 
INSERT INTO FUNC_LIST 
(FUNC_NO, FUNC_NAME) 
VALUES ('FC0000000001', '店家驗證管理'); 
 
INSERT INTO FUNC_LIST 
(FUNC_NO, FUNC_NAME) 
VALUES ('FC0000000002', '檢舉管理'); 
  
INSERT INTO FUNC_LIST 
(FUNC_NO, FUNC_NAME) 
VALUES ('FC0000000003', '店家管理'); 
  
INSERT INTO FUNC_LIST 
(FUNC_NO, FUNC_NAME) 
VALUES ('FC0000000004', '會員管理'); 
 
INSERT INTO FUNC_LIST 
(FUNC_NO, FUNC_NAME) 
VALUES ('FC0000000005', '後台維護'); 


--------end FUNC_LIST------------


--------8 AUTH_LIST------------

INSERT INTO AUTH_LIST
(BM_NO, FUNC_NO)
VALUES ('BM0000000001', 'FC0000000001');

INSERT INTO AUTH_LIST
(BM_NO, FUNC_NO)
VALUES ('BM0000000001', 'FC0000000002');
 
INSERT INTO AUTH_LIST
(BM_NO, FUNC_NO)
VALUES ('BM0000000001', 'FC0000000003');
 
INSERT INTO AUTH_LIST
(BM_NO, FUNC_NO)
VALUES ('BM0000000002', 'FC0000000001');
 
INSERT INTO AUTH_LIST
(BM_NO, FUNC_NO)
VALUES ('BM0000000002', 'FC0000000002');
 
INSERT INTO AUTH_LIST
(BM_NO, FUNC_NO)
VALUES ('BM0000000003', 'FC0000000003');
 
INSERT INTO AUTH_LIST
(BM_NO, FUNC_NO)
VALUES ('BM0000000004', 'FC0000000004');



--------end AUTH_LIST------------


--------9 PRODUCT_TYPE------------

INSERT INTO PRODUCT_TYPE (PT_NUM,PT_NAME)
VALUES ('PT001','紅茶');

INSERT INTO PRODUCT_TYPE (PT_NUM,PT_NAME)
VALUES ('PT002','綠茶');

INSERT INTO PRODUCT_TYPE (PT_NUM,PT_NAME)
VALUES ('PT003','奶茶');


INSERT INTO PRODUCT_TYPE (PT_NUM,PT_NAME)
VALUES ('PT004','烏龍茶');

INSERT INTO PRODUCT_TYPE (PT_NUM,PT_NAME)
VALUES ('PT005','咖啡');

INSERT INTO PRODUCT_TYPE (PT_NUM,PT_NAME)
VALUES ('PT006','冰沙調飲');

INSERT INTO PRODUCT_TYPE (PT_NUM,PT_NAME)
VALUES ('PT007','鮮果汁');

INSERT INTO PRODUCT_TYPE (PT_NUM,PT_NAME)
VALUES ('PT008','牛奶調飲');

INSERT INTO PRODUCT_TYPE (PT_NUM,PT_NAME)
VALUES ('PT009','養樂多調飲');

INSERT INTO PRODUCT_TYPE (PT_NUM,PT_NAME)
VALUES ('PT010','其它');



--------end PRODUCT_TYPE------------


--------10 PRODUCT------------
INSERT INTO PRODUCT (COM_NUM,STO_NUM,COM_NAME,M_PRICE,L_PRICE,DISCRIBE,IMG,PT_NUM,STATUS, MERCOM_NUM)
VALUES ('CN0000000001','ST0000000001','茉香綠茶',25,30,'茉莉花香的綠茶','','PT002','未上架','');

INSERT INTO PRODUCT (COM_NUM,STO_NUM,COM_NAME,M_PRICE,L_PRICE,DISCRIBE,IMG,PT_NUM,STATUS,MERCOM_NUM)
VALUES ('CN0000000002','ST0000000002','復刻紅茶',20,25,'小時候喝的古早味紅茶','','PT001','未上架','');

INSERT INTO PRODUCT (COM_NUM,STO_NUM,COM_NAME,M_PRICE,L_PRICE,DISCRIBE,IMG,PT_NUM,STATUS,MERCOM_NUM)
VALUES ('CN0000000003','ST0000000003','伯爵奶茶',35,45,'特選茶葉加濃醇香鮮奶','','PT003','已上架','');

INSERT INTO PRODUCT (COM_NUM,STO_NUM,COM_NAME,M_PRICE,L_PRICE,DISCRIBE,IMG,PT_NUM,STATUS,MERCOM_NUM)
VALUES ('CN0000000004','ST0000000003','大奶茶',40,50,'匈奴特調大奶茶','','PT003','已上架','');

INSERT INTO PRODUCT (COM_NUM,STO_NUM,COM_NAME,M_PRICE,L_PRICE,DISCRIBE,IMG,PT_NUM,STATUS,MERCOM_NUM)
VALUES ('CN0000000005','ST0000000002','冰淇淋紅茶',50,60,'好吃的小姜冰淇淋放在紅茶裡','','PT010','已上架','');

INSERT INTO PRODUCT (COM_NUM,STO_NUM,COM_NAME,M_PRICE,L_PRICE,DISCRIBE,IMG,PT_NUM,STATUS,MERCOM_NUM)
VALUES ('CN0000000006','ST0000000001','西瓜汁',30,40,'很渣的西瓜汁','','PT007','已上架','');

INSERT INTO PRODUCT (COM_NUM,STO_NUM,COM_NAME,M_PRICE,L_PRICE,DISCRIBE,IMG,PT_NUM,STATUS,MERCOM_NUM)
VALUES ('CN0000000007','ST0000000001','芒果冰沙',35,45,'很茫的芒果冰沙','','PT006','已上架','');

INSERT INTO PRODUCT (COM_NUM,STO_NUM,COM_NAME,M_PRICE,L_PRICE,DISCRIBE,IMG,PT_NUM,STATUS,MERCOM_NUM)
VALUES ('CN0000000008','ST0000000002','拿鐵咖啡',45,55,'很拿的咖啡拿鐵','','PT005','已上架','');

INSERT INTO PRODUCT (COM_NUM,STO_NUM,COM_NAME,M_PRICE,L_PRICE,DISCRIBE,IMG,PT_NUM,STATUS,MERCOM_NUM)
VALUES ('CN0000000009','ST0000000003','伯爵大奶茶',87,97,'我是組合商品','','PT003','已上架','MC0000000001');

--------end PRODUCT------------


--------11 MERGED_COMMODITY------------

INSERT INTO MERGED_COMMODITY (MERCOM_NUM, COM_NUM) 
VALUES ('MC0000000001', 'CN0000000003');

INSERT INTO MERGED_COMMODITY (MERCOM_NUM, COM_NUM) 
VALUES ('MC0000000001', 'CN0000000004');

--------end MERGED_COMMODITY------------


--------12 MERGED_ORDER------------

INSERT INTO MERGED_ORDER (MEROR_NUM, MEM_NUM, TOL_AMOUNT) 
VALUES ('MO00000001', 'MB0000000001', 122);    

INSERT INTO MERGED_ORDER (MEROR_NUM, MEM_NUM, TOL_AMOUNT) 
VALUES ('MO00000002', 'MB0000000003', 90);
                                              
--------end MERGED_ORDER------------


--------13 ORDER_MASTER------------
INSERT INTO ORDER_MASTER (OR_NUM, MEM_NUM, STO_NUM, OR_STANUM, RECE, PAY_MEN, PRE_RECE, OR_AMOUNT, MEROR_NUM) 
VALUES ('OM0000000001', 'MB0000000001', 'ST0000000001', '待審核', '自取', '現金', to_date('2017/8/19', 'yyyy/mm/dd'), 35, 'MO00000001');

INSERT INTO ORDER_MASTER (OR_NUM, MEM_NUM, STO_NUM, OR_STANUM, RECE, PAY_MEN, PRE_RECE, OR_AMOUNT, MEROR_NUM) 
VALUES ('OM0000000002', 'MB0000000002', 'ST0000000001', '待審核', '自取', '現金', to_date('2017/8/19', 'yyyy/mm/dd'), 25, 'MO00000001');

INSERT INTO ORDER_MASTER (OR_NUM, MEM_NUM, STO_NUM, OR_STANUM, RECE, PAY_MEN, OR_AMOUNT, MEROR_NUM) 
VALUES ('OM0000000003', 'MB0000000003', 'ST0000000002', '待審核', '外送', '點數', 40, 'MO00000002');

INSERT INTO ORDER_MASTER (OR_NUM, MEM_NUM, STO_NUM, OR_STANUM, RECE, PAY_MEN, OR_AMOUNT, MEROR_NUM) 
VALUES ('OM0000000004', 'MB0000000004', 'ST0000000002', '待審核', '外送', '點數', 50, 'MO00000002');

INSERT INTO ORDER_MASTER (OR_NUM, MEM_NUM, STO_NUM, OR_STANUM, RECE, PAY_MEN, PRE_RECE, OR_AMOUNT) 
VALUES ('OM0000000005', 'MB0000000004', 'ST0000000003', '待審核', '自取', '現金', to_date('2018/11/03', 'yyyy/mm/dd'), 55);

INSERT INTO ORDER_MASTER (OR_NUM, MEM_NUM, STO_NUM, OR_STANUM, RECE, PAY_MEN, PRE_RECE, OR_AMOUNT) 
VALUES ('OM0000000006', 'MB0000000005', 'ST0000000003', '待審核', '自取', '點數', to_date('2018/11/10', 'yyyy/mm/dd'), 40);

INSERT INTO ORDER_MASTER (OR_NUM, MEM_NUM, STO_NUM, OR_STANUM, RECE, PAY_MEN, PRE_RECE, OR_AMOUNT) 
VALUES ('OM0000000007', 'MB0000000006', 'ST0000000003', '放棄', '外送', '現金', to_date('2018/11/21', 'yyyy/mm/dd'), 45);

--------end ORDER_MASTER------------


--------14 EXTRA------------

INSERT INTO EXTRA (EXT_NUM, EXT_NAME, STO_NUM, EXT_AMOUNT,STATUS) 
VALUES ('EX0000000001', '珍珠', 'ST0000000001', 5,'上架');

INSERT INTO EXTRA (EXT_NUM, EXT_NAME, STO_NUM, EXT_AMOUNT,STATUS)  
VALUES ('EX0000000002', '波霸', 'ST0000000001', 6,'上架');

INSERT INTO EXTRA (EXT_NUM, EXT_NAME, STO_NUM, EXT_AMOUNT,STATUS) 
VALUES ('EX0000000003', '椰果', 'ST0000000002', 7,'上架');

INSERT INTO EXTRA (EXT_NUM, EXT_NAME, STO_NUM, EXT_AMOUNT,STATUS)  
VALUES ('EX0000000004', '布丁', 'ST0000000002', 8,'上架');

INSERT INTO EXTRA (EXT_NUM, EXT_NAME, STO_NUM, EXT_AMOUNT,STATUS) 
VALUES ('EX0000000005', 'QQ', 'ST0000000003', 9,'上架');

INSERT INTO EXTRA (EXT_NUM, EXT_NAME, STO_NUM, EXT_AMOUNT,STATUS)  
VALUES ('EX0000000006', '綠豆', 'ST0000000003', 4,'上架');

--------end EXTRA------------


--------15 ICE_LIST------------

INSERT INTO ICE_LIST (ICE_NUM, STO_NUM, ICE_TYPE, STATUS
) 
VALUES ('IC0000000001', 'ST0000000001', '正常冰', '上架');

INSERT INTO ICE_LIST (ICE_NUM, STO_NUM, ICE_TYPE, STATUS) 
VALUES ('IC0000000002', 'ST0000000001', '有點冰', '上架');

INSERT INTO ICE_LIST (ICE_NUM, STO_NUM, ICE_TYPE, STATUS) 
VALUES ('IC0000000003', 'ST0000000001', '無冰', '上架');

INSERT INTO ICE_LIST (ICE_NUM, STO_NUM, ICE_TYPE, STATUS) 
VALUES ('IC0000000004', 'ST0000000002', '超級冰', '上架');

INSERT INTO ICE_LIST (ICE_NUM, STO_NUM, ICE_TYPE, STATUS) 
VALUES ('IC0000000005', 'ST0000000002', '少冰', '上架');

INSERT INTO ICE_LIST (ICE_NUM, STO_NUM, ICE_TYPE, STATUS) 
VALUES ('IC0000000006', 'ST0000000002', '加熱', '下架');

INSERT INTO ICE_LIST (ICE_NUM, STO_NUM, ICE_TYPE, STATUS) 
VALUES ('IC0000000007', 'ST0000000003', '冰的啦', '上架');

INSERT INTO ICE_LIST (ICE_NUM, STO_NUM, ICE_TYPE, STATUS) 
VALUES ('IC0000000008', 'ST0000000003', '去冰', '上架');


--------end ICE_LIST------------


--------16 SWEETNESS------------

INSERT INTO SWEETNESS (SWEET_NUM, STO_NUM, SWEET_TYPE, STATUS) 
VALUES ('SW0000000001', 'ST0000000001', '全糖', '上架');

INSERT INTO SWEETNESS (SWEET_NUM, STO_NUM, SWEET_TYPE, STATUS) 
VALUES ('SW0000000002', 'ST0000000001', '半糖', '上架');

INSERT INTO SWEETNESS (SWEET_NUM, STO_NUM, SWEET_TYPE, STATUS) 
VALUES ('SW0000000003', 'ST0000000001', '沒有糖', '上架');

INSERT INTO SWEETNESS (SWEET_NUM, STO_NUM, SWEET_TYPE, STATUS) 
VALUES ('SW0000000004', 'ST0000000002', '甜蜜蜜', '上架');

INSERT INTO SWEETNESS (SWEET_NUM, STO_NUM, SWEET_TYPE, STATUS) 
VALUES ('SW0000000005', 'ST0000000002', '甘甜', '上架');

INSERT INTO SWEETNESS (SWEET_NUM, STO_NUM, SWEET_TYPE, STATUS) 
VALUES ('SW0000000006', 'ST0000000002', '苦苦der', '上架');

INSERT INTO SWEETNESS (SWEET_NUM, STO_NUM, SWEET_TYPE, STATUS) 
VALUES ('SW0000000007', 'ST0000000003', '小甜甜', '上架');

INSERT INTO SWEETNESS (SWEET_NUM, STO_NUM, SWEET_TYPE, STATUS) 
VALUES ('SW0000000008', 'ST0000000003', '景甜', '上架');


--------end SWEETNESS------------


--------17 ORDER_DETAIL------------



INSERT INTO ORDER_DETAIL (ORDET_NUM, COM_NUM, OR_NUM, SWEET_NUM, ICE_NUM, COM_SIZE, MERCOM_NUM, OD_PRICE) 
VALUES ('OD0000000001', 'CN0000000001', 'OM0000000001', 'SW0000000001', 'IC0000000001', 'M', '',50);

INSERT INTO ORDER_DETAIL (ORDET_NUM, COM_NUM, OR_NUM, SWEET_NUM, ICE_NUM, COM_SIZE, MERCOM_NUM, OD_PRICE) 
VALUES ('OD0000000002', 'CN0000000001', 'OM0000000001', 'SW0000000002', 'IC0000000002', 'L','',50);

INSERT INTO ORDER_DETAIL (ORDET_NUM, COM_NUM, OR_NUM, SWEET_NUM, ICE_NUM, COM_SIZE, MERCOM_NUM, OD_PRICE) 
VALUES ('OD0000000003', 'CN0000000002', 'OM0000000002', 'SW0000000003', 'IC0000000003', 'M','',50);

INSERT INTO ORDER_DETAIL (ORDET_NUM, COM_NUM, OR_NUM, SWEET_NUM, ICE_NUM, COM_SIZE, MERCOM_NUM, OD_PRICE) 
VALUES ('OD0000000004', 'CN0000000002', 'OM0000000002', 'SW0000000004', 'IC0000000004','M','',50);

INSERT INTO ORDER_DETAIL (ORDET_NUM, COM_NUM, OR_NUM, SWEET_NUM, ICE_NUM, COM_SIZE, MERCOM_NUM, OD_PRICE) 
VALUES ('OD0000000005', 'CN0000000003', 'OM0000000003', 'SW0000000005', 'IC0000000005','L','',50);

INSERT INTO ORDER_DETAIL (ORDET_NUM, COM_NUM, OR_NUM, SWEET_NUM, ICE_NUM, COM_SIZE, MERCOM_NUM, OD_PRICE) 
VALUES ('OD0000000006', 'CN0000000003', 'OM0000000003', 'SW0000000006', 'IC0000000006','M','MC0000000001',50);

INSERT INTO ORDER_DETAIL (ORDET_NUM, COM_NUM, OR_NUM, SWEET_NUM, ICE_NUM, COM_SIZE, MERCOM_NUM, OD_PRICE) 
VALUES ('OD0000000007', 'CN0000000004', 'OM0000000003', 'SW0000000006', 'IC0000000006','M','MC0000000001',50);

INSERT INTO ORDER_DETAIL (ORDET_NUM, COM_NUM, OR_NUM, SWEET_NUM, ICE_NUM, COM_SIZE, MERCOM_NUM, OD_PRICE) 
VALUES ('OD0000000008', 'CN0000000003', 'OM0000000004', 'SW0000000006', 'IC0000000005','M','',50);

--------end ORDER_DETAIL------------


--------18 EXTRA_LIST------------

INSERT INTO EXTRA_LIST (ORDET_NUM, EXT_NUM) 
VALUES ('OD0000000001', 'EX0000000001');

INSERT INTO EXTRA_LIST (ORDET_NUM, EXT_NUM) 
VALUES ('OD0000000003', 'EX0000000003');

INSERT INTO EXTRA_LIST (ORDET_NUM, EXT_NUM) 
VALUES ('OD0000000005', 'EX0000000005');

--------end EXTRA_LIST------------


--------19 GROUP_BUY------------

INSERT INTO GROUP_BUY (INV_MEM_NUM, INVD_MEM_NUM, MEROR_NUM, ISACCEPT) 
VALUES ('MB0000000001', 'MB0000000002', 'MO00000001', 'Y');

INSERT INTO GROUP_BUY (INV_MEM_NUM, INVD_MEM_NUM, MEROR_NUM, ISACCEPT) 
VALUES ('MB0000000003', 'MB0000000004', 'MO00000002', 'Y');


--------end GROUP_BUY------------


--------20 FRIEND_LIST------------

INSERT INTO FRIEND_LIST (INV_MEM_NUM, INVD_MEM_NUM, ISFRIEND) 
VALUES ('MB0000000001', 'MB0000000002', 'Y');

INSERT INTO FRIEND_LIST (INV_MEM_NUM, INVD_MEM_NUM, ISFRIEND) 
VALUES ('MB0000000002', 'MB0000000003', 'Y');

INSERT INTO FRIEND_LIST (INV_MEM_NUM, INVD_MEM_NUM, ISFRIEND) 
VALUES ('MB0000000001', 'MB0000000003', 'N');

INSERT INTO FRIEND_LIST (INV_MEM_NUM, INVD_MEM_NUM, ISFRIEND) 
VALUES ('MB0000000004', 'MB0000000005', 'Y');

INSERT INTO FRIEND_LIST (INV_MEM_NUM, INVD_MEM_NUM, ISFRIEND) 
VALUES ('MB0000000005', 'MB0000000006', 'CONFIRM');


--------end FRIEND_LIST------------


--------21 STORE_COMMENT------------
INSERT INTO STORE_COMMENT (COM_NUM, COM_TITLE, STO_NUM, MEM_NUM, STARS, COMMENTT, STATUS) 
VALUES ('CM0000000000001', '太神啦', 'ST0000000001', 'MB0000000001', 5, '實在是太神啦啦啦啦啦啦啦', '一般');
INSERT INTO STORE_COMMENT (COM_NUM, COM_TITLE, STO_NUM, MEM_NUM, STARS, COMMENTT, STATUS) 
VALUES ('CM0000000000002', '起飛啦', 'ST0000000002', 'MB0000000002', 4, '喝到飛起來啦啦啦啦啦啦啦', '一般');

INSERT INTO STORE_COMMENT (COM_NUM, COM_TITLE, STO_NUM, MEM_NUM, STARS, COMMENTT, STATUS) 
VALUES ('CM0000000000003', '拉基', 'ST0000000003', 'MB0000000003', 1, '實在是太難喝啦啦啦啦啦啦啦', '一般');

INSERT INTO STORE_COMMENT (COM_NUM, COM_TITLE, STO_NUM, MEM_NUM, STARS, COMMENTT, STATUS) 
VALUES ('CM0000000000004', '有正妹店員', 'ST0000000004', 'MB0000000004', 3, '實在是太正啦啦啦啦啦啦啦', '一般');

INSERT INTO STORE_COMMENT (COM_NUM, COM_TITLE, STO_NUM, MEM_NUM, STARS, COMMENTT, STATUS) 
VALUES ('CM0000000000005', '東方神秘力量', 'ST0000000005', 'MB0000000005', 1, '糗爺表示?', '一般');

--------end STORE_COMMENT------------


--------22 FAVORITE_STORE------------

INSERT INTO FAVORITE_STORE (MEM_NUM, STO_NUM, IS_FAVO) 
VALUES ('MB0000000001', 'ST0000000001', 'Y');

INSERT INTO FAVORITE_STORE (MEM_NUM, STO_NUM, IS_FAVO) 
VALUES ('MB0000000002', 'ST0000000002', 'Y');

INSERT INTO FAVORITE_STORE (MEM_NUM, STO_NUM, IS_FAVO) 
VALUES ('MB0000000003', 'ST0000000003', 'Y');

INSERT INTO FAVORITE_STORE (MEM_NUM, STO_NUM, IS_FAVO) 
VALUES ('MB0000000004', 'ST0000000004', 'N');

INSERT INTO FAVORITE_STORE (MEM_NUM, STO_NUM, IS_FAVO) 
VALUES ('MB0000000005', 'ST0000000005', 'Y');


--------end FAVORITE_STORE------------


--------23 CARD------------
 INSERT INTO CARD(CARD_KINDS, STO_NUM, POINTS,POINTS_CASH,CARD_DES,EXP_DATE,STATUS)
VALUES('CK001','ST0000000001',10,30,'集滿10點可折價30元',6,'下架' );
 
INSERT INTO CARD(CARD_KINDS, STO_NUM, POINTS,POINTS_CASH,CARD_DES,EXP_DATE,STATUS)
VALUES('CK002','ST0000000002',10,50,'集滿10點可折價50元',6,'下架'  );
 
INSERT INTO CARD(CARD_KINDS, STO_NUM, POINTS,POINTS_CASH,CARD_DES,EXP_DATE,STATUS)
VALUES('CK003','ST0000000003',10,80,'集滿10點可折價80元', 6,'下架'  );
 
INSERT INTO CARD(CARD_KINDS, STO_NUM, POINTS,POINTS_CASH,CARD_DES,EXP_DATE,STATUS)
VALUES('CK004','ST0000000004',10,30,'集滿10點可折價30元',3,'下架' );
 
INSERT INTO CARD(CARD_KINDS, STO_NUM, POINTS,POINTS_CASH,CARD_DES,EXP_DATE,STATUS)
VALUES('CK005','ST0000000005',10,50,'集滿10點可折價50元',3,'下架'  );
 
INSERT INTO CARD(CARD_KINDS, STO_NUM, POINTS,POINTS_CASH,CARD_DES,EXP_DATE,STATUS)
VALUES('CK006','ST0000000006',10,80,'集滿10點可折價80元',3,'下架'  );

--------end CARD------------


--------24 CARD_LIST------------
INSERT INTO CARD_LIST(CARD_NUM,MEM_NUM,STO_NUM,CARD_KINDS,VALUE,STATUS,EXP_DATE)
VALUES('CN000001', 'MB0000000001', 'ST0000000001', 'CK001', 3,'尚未集滿',to_date('2017-12-31','yyyy-mm-dd'));
 
INSERT INTO CARD_LIST(CARD_NUM,MEM_NUM,STO_NUM,CARD_KINDS,VALUE,STATUS,EXP_DATE)
VALUES('CN000002', 'MB0000000002', 'ST0000000001', 'CK001', 10,'可使用',to_date('2017-12-31','yyyy-mm-dd'));
 
INSERT INTO CARD_LIST(CARD_NUM,MEM_NUM,STO_NUM,CARD_KINDS,VALUE,STATUS,EXP_DATE)
VALUES('CN000003', 'MB0000000003', 'ST0000000001', 'CK001', 6,'尚未集滿',to_date('2017-12-31','yyyy-mm-dd'));
 
INSERT INTO CARD_LIST(CARD_NUM,MEM_NUM,STO_NUM,CARD_KINDS,VALUE,STATUS,EXP_DATE)
VALUES('CN000004', 'MB0000000004', 'ST0000000001', 'CK001', 3,'尚未集滿',to_date('2017-12-31','yyyy-mm-dd'));
 
INSERT INTO CARD_LIST(CARD_NUM,MEM_NUM,STO_NUM,CARD_KINDS,VALUE,STATUS,EXP_DATE)
VALUES('CN000005', 'MB0000000005', 'ST0000000001', 'CK001', 2,'尚未集滿',to_date('2017-12-31','yyyy-mm-dd'));
 
INSERT INTO CARD_LIST(CARD_NUM,MEM_NUM,STO_NUM,CARD_KINDS,VALUE,STATUS,EXP_DATE)
VALUES('CN000006', 'MB0000000006', 'ST0000000001', 'CK001', 6,'尚未集滿',to_date('2017-12-31','yyyy-mm-dd'));

--------end CARD_LIST------------


--------25 CARD_RECORD------------

INSERT INTO CARD_RECORD(CARD_NUM, OR_NUM, ADD_VALUE)
VALUES('CN000001', 'OM0000000001', 2);
INSERT INTO CARD_RECORD(CARD_NUM, OR_NUM, ADD_VALUE)
VALUES('CN000002', 'OM0000000002', 2);
INSERT INTO CARD_RECORD(CARD_NUM, OR_NUM, ADD_VALUE)
VALUES('CN000002', 'OM0000000003', 2);
INSERT INTO CARD_RECORD(CARD_NUM, OR_NUM, ADD_VALUE)
VALUES('CN000003', 'OM0000000004', 2);


--------end CARD_RECORD------------


--------26 COUPON------------
INSERT INTO COUPON(COUPON_NUM, STO_NUM, COUPON_CASH, COUPON_DESC, LEFT, TOTAL, APPLY_DATE, UP_DATE, DOWN_DATE, EXP_DATE,NOTICE_DESC,  NOTICE_UP_DATE, NOTICE_DOWN_DATE, COUPON_STATUS)
VALUES('CP000001', 'ST0000000001', 20, '折價20',0, 3, to_date('2017-12-31','yyyy-mm-dd'),to_date('2017-12-31','yyyy-mm-dd'),to_date('2017-12-31','yyyy-mm-dd'),to_date('2017-12-31','yyyy-mm-dd'), '折價20', to_date('2017-12-31','yyyy-mm-dd'),to_date('2017-12-31','yyyy-mm-dd'), '審核通過');
INSERT INTO COUPON(COUPON_NUM, STO_NUM, COUPON_CASH, COUPON_DESC, LEFT, TOTAL, APPLY_DATE, UP_DATE, DOWN_DATE, EXP_DATE,NOTICE_DESC,  NOTICE_UP_DATE, NOTICE_DOWN_DATE, COUPON_STATUS)
VALUES('CP000002', 'ST0000000002', 20, '折價30',4, 8, to_date('2017-12-31','yyyy-mm-dd'),to_date('2017-10-10','yyyy-mm-dd'),to_date('2017-12-31','yyyy-mm-dd'),to_date('2017-12-31','yyyy-mm-dd'), '折價20', to_date('2017-12-31','yyyy-mm-dd'),to_date('2017-12-31','yyyy-mm-dd'), '審核通過');
INSERT INTO COUPON(COUPON_NUM, STO_NUM, COUPON_CASH, COUPON_DESC, LEFT, TOTAL, APPLY_DATE, UP_DATE, DOWN_DATE, EXP_DATE,NOTICE_DESC,  NOTICE_UP_DATE, NOTICE_DOWN_DATE, COUPON_STATUS)
VALUES('CP000003', 'ST0000000003', 20, '折價40',10, 10, to_date('2017-12-31','yyyy-mm-dd'),to_date('2017-12-31','yyyy-mm-dd'),to_date('2017-12-31','yyyy-mm-dd'),to_date('2017-12-31','yyyy-mm-dd'), '折價20', to_date('2017-12-31','yyyy-mm-dd'),to_date('2017-12-31','yyyy-mm-dd'), '審核中');
INSERT INTO COUPON(COUPON_NUM, STO_NUM, COUPON_CASH, COUPON_DESC, LEFT, TOTAL, APPLY_DATE, UP_DATE, DOWN_DATE, EXP_DATE,NOTICE_DESC,  NOTICE_UP_DATE, NOTICE_DOWN_DATE, COUPON_STATUS)
VALUES('CP000004', 'ST0000000004', 20, '折價50',3, 3, to_date('2017-12-31','yyyy-mm-dd'),to_date('2017-12-31','yyyy-mm-dd'),to_date('2017-12-31','yyyy-mm-dd'),to_date('2017-12-31','yyyy-mm-dd'), '折價20', to_date('2017-12-31','yyyy-mm-dd'),to_date('2017-12-31','yyyy-mm-dd'), '審核中');
INSERT INTO COUPON(COUPON_NUM, STO_NUM, COUPON_CASH, COUPON_DESC, LEFT, TOTAL, APPLY_DATE, UP_DATE, DOWN_DATE, EXP_DATE,NOTICE_DESC,  NOTICE_UP_DATE, NOTICE_DOWN_DATE, COUPON_STATUS)
VALUES('CP000005', 'ST0000000005', 20, '折價50',3, 3, to_date('2017-12-31','yyyy-mm-dd'),to_date('2017-12-31','yyyy-mm-dd'),to_date('2017-12-31','yyyy-mm-dd'),to_date('2017-12-31','yyyy-mm-dd'), '折價20', to_date('2017-12-31','yyyy-mm-dd'),to_date('2017-12-31','yyyy-mm-dd'), '審核中');
INSERT INTO COUPON(COUPON_NUM, STO_NUM, COUPON_CASH, COUPON_DESC, LEFT, TOTAL, APPLY_DATE, UP_DATE, DOWN_DATE, EXP_DATE,NOTICE_DESC,  NOTICE_UP_DATE, NOTICE_DOWN_DATE, COUPON_STATUS)
VALUES('CP000006', 'ST0000000006', 20, '折價50',3, 3, to_date('2017-12-31','yyyy-mm-dd'),to_date('2017-12-31','yyyy-mm-dd'),to_date('2017-12-31','yyyy-mm-dd'),to_date('2017-12-31','yyyy-mm-dd'), '折價20', to_date('2017-12-31','yyyy-mm-dd'),to_date('2017-12-31','yyyy-mm-dd'), '審核中');
INSERT INTO COUPON(COUPON_NUM, STO_NUM, COUPON_CASH, COUPON_DESC, LEFT, TOTAL, APPLY_DATE, UP_DATE, DOWN_DATE, EXP_DATE,NOTICE_DESC,  NOTICE_UP_DATE, NOTICE_DOWN_DATE, COUPON_STATUS)
VALUES('CP000007', 'ST0000000007', 20, '折價50',3, 3, to_date('2017-12-31','yyyy-mm-dd'),to_date('2017-12-31','yyyy-mm-dd'),to_date('2017-12-31','yyyy-mm-dd'),to_date('2017-12-31','yyyy-mm-dd'), '折價20', to_date('2017-12-31','yyyy-mm-dd'),to_date('2017-12-31','yyyy-mm-dd'), '審核中');

--------end COUPON------------


--------27 COUPON_LIST------------
INSERT INTO COUPON_LIST(COUPON_AMOUNT, COUPON_NUM, MEM_NUM,  GET_DATE)
VALUES (1, 'CP000001', 'MB0000000001', to_date('2017-10-31','yyyy-mm-dd'));
INSERT INTO COUPON_LIST(COUPON_AMOUNT, COUPON_NUM, MEM_NUM,  GET_DATE)
VALUES (2, 'CP000001', 'MB0000000001', to_date('2017-10-31','yyyy-mm-dd'));
INSERT INTO COUPON_LIST(COUPON_AMOUNT, COUPON_NUM, MEM_NUM,  GET_DATE)
VALUES (3, 'CP000001', 'MB0000000002', to_date('2017-10-31','yyyy-mm-dd'));
INSERT INTO COUPON_LIST(COUPON_AMOUNT, COUPON_NUM, MEM_NUM,  GET_DATE)
VALUES (8, 'CP000002', 'MB0000000003', to_date('2017-10-31','yyyy-mm-dd'));
INSERT INTO COUPON_LIST(COUPON_AMOUNT, COUPON_NUM, MEM_NUM,  GET_DATE)
VALUES (7, 'CP000002', 'MB0000000002', to_date('2017-10-31','yyyy-mm-dd'));
INSERT INTO COUPON_LIST(COUPON_AMOUNT, COUPON_NUM, MEM_NUM,  GET_DATE)
VALUES (6, 'CP000002', 'MB0000000001', to_date('2017-10-31','yyyy-mm-dd'));
INSERT INTO COUPON_LIST(COUPON_AMOUNT, COUPON_NUM, MEM_NUM,  GET_DATE)
VALUES (5, 'CP000002', 'MB0000000002', to_date('2017-10-31','yyyy-mm-dd'));
INSERT INTO COUPON_LIST(COUPON_AMOUNT, COUPON_NUM)
VALUES (2, 'CP000002');
INSERT INTO COUPON_LIST(COUPON_AMOUNT, COUPON_NUM)
VALUES (1, 'CP000002');
INSERT INTO COUPON_LIST(COUPON_AMOUNT, COUPON_NUM)
VALUES (3, 'CP000002');
INSERT INTO COUPON_LIST(COUPON_AMOUNT, COUPON_NUM)
VALUES (4, 'CP000002');


--------end COUPON_LIST------------


--------28 VALUE_RECORD------------

INSERT INTO VALUE_RECORD(VALUE_NUM, MEM_NUM, VALUE_CASH)
VALUES('VR0000000001','MB0000000001',50000);
 
INSERT INTO VALUE_RECORD(VALUE_NUM, MEM_NUM, VALUE_CASH)
VALUES('VR0000000002','MB0000000002',100000);
 
INSERT INTO VALUE_RECORD(VALUE_NUM, MEM_NUM, VALUE_CASH)
VALUES('VR0000000003','MB0000000003',200000);
 
INSERT INTO VALUE_RECORD(VALUE_NUM, MEM_NUM, VALUE_CASH)
VALUES('VR0000000004','MB0000000001',100000);
 
INSERT INTO VALUE_RECORD(VALUE_NUM, MEM_NUM, VALUE_CASH)
VALUES('VR0000000005','MB0000000003',200000);


--------end VALUE_RECORD------------


--------29 REM_RECORD------------

INSERT INTO REM_RECORD(REM_NUM, STO_NUM, REM_ACCOUNT, REM_CASH,  REM_STATUS)
VALUES('RR0000000001', 'ST0000000001','778877887', 5000, '審核中' );
INSERT INTO REM_RECORD(REM_NUM, STO_NUM, REM_ACCOUNT, REM_CASH,  REM_STATUS)
VALUES('RR0000000002', 'ST0000000002','123456789', 10000, '審核失敗: 匯出帳戶錯誤');
INSERT INTO REM_RECORD(REM_NUM, STO_NUM, REM_ACCOUNT, REM_CASH,  REM_STATUS)
VALUES('RR0000000003', 'ST0000000003','777777777', 20000, '審核中' );
INSERT INTO REM_RECORD(REM_NUM, STO_NUM, REM_ACCOUNT, REM_CASH,  REM_STATUS)
VALUES('RR0000000004', 'ST0000000004','778877887', 30000, '匯款完成' );
INSERT INTO REM_RECORD(REM_NUM, STO_NUM, REM_ACCOUNT, REM_CASH,  REM_STATUS)
VALUES('RR0000000005', 'ST0000000005','778877887', 40000, '審核中' );
INSERT INTO REM_RECORD(REM_NUM, STO_NUM, REM_ACCOUNT, REM_CASH,  REM_STATUS)
VALUES('RR0000000006', 'ST0000000006','778877887', 50000, '審核中' );
INSERT INTO REM_RECORD(REM_NUM, STO_NUM, REM_ACCOUNT, REM_CASH,  REM_STATUS)
VALUES('RR0000000007', 'ST0000000007','778877887', 10000, '審核中' );
INSERT INTO REM_RECORD(REM_NUM, STO_NUM, REM_ACCOUNT, REM_CASH,  REM_STATUS)
VALUES('RR0000000008', 'ST0000000001','778877887', 777, '審核中' );



--------end REM_RECORD------------


--------30 REPORT_STORE------------

INSERT INTO REPORT_STORE (RPT_SNUM ,STO_NUM,MEM_NUM,COM_NUM,RPT_TIME,STATUS,STAFF_NUM,SCORE) 
VALUES ('RS0000000001','ST0000000001','MB0000000001' , '', to_date('2017-10-31','yyyy-mm-dd') ,'待處理' ,'','');

INSERT INTO REPORT_STORE (RPT_SNUM ,STO_NUM,MEM_NUM,COM_NUM,RPT_TIME,STATUS,STAFF_NUM,SCORE) 
VALUES ('RS0000000002','ST0000000002','' , 'CM0000000000001', to_date('2017-10-31','yyyy-mm-dd') ,'待處理' ,'','');

INSERT INTO REPORT_STORE (RPT_SNUM ,STO_NUM,MEM_NUM,COM_NUM,RPT_TIME,STATUS,STAFF_NUM,SCORE) 
VALUES ('RS0000000003','ST0000000003','MB0000000003' , '', to_date('2017-10-31','yyyy-mm-dd') ,'待處理' ,'','');

INSERT INTO REPORT_STORE (RPT_SNUM ,STO_NUM,MEM_NUM,COM_NUM,RPT_TIME,STATUS,STAFF_NUM,SCORE) 
VALUES ('RS0000000004','ST0000000001','MB0000000004' , '', to_date('2017-11-01','yyyy-mm-dd') ,'待處理','','');

INSERT INTO REPORT_STORE (RPT_SNUM ,STO_NUM,MEM_NUM,COM_NUM,RPT_TIME,STATUS,STAFF_NUM,SCORE) 
VALUES ('RS0000000005','ST0000000002','' , 'CM0000000000002', to_date('2017-11-02','yyyy-mm-dd') ,'待處理' ,'','');

INSERT INTO REPORT_STORE (RPT_SNUM ,STO_NUM,MEM_NUM,COM_NUM,RPT_TIME,STATUS,STAFF_NUM,SCORE) 
VALUES ('RS0000000006','ST0000000003','MB0000000006' , '', to_date('2017-11-03','yyyy-mm-dd') ,'待處理','','');

INSERT INTO REPORT_STORE (RPT_SNUM ,STO_NUM,MEM_NUM,COM_NUM,RPT_TIME,STATUS,STAFF_NUM,SCORE) 
VALUES ('RS0000000007','ST0000000001','','CM0000000000003', to_date('2017-11-03','yyyy-mm-dd') ,'待處理' ,'','');

--------end REPORT_STORE------------

--------31 STORE_CHATLOG------------
INSERT INTO STORE_CHATLOG (SC_NUM,RPT_SNUM,CLOG_NAME,CONTENT,CLOG_TIME) 
VALUES ('SC0000000001','RS0000000001','店家','會員hello多次訂購不取貨，請盡快處理',to_date('2017-10-31','yyyy-mm-dd'));

INSERT INTO STORE_CHATLOG (SC_NUM,RPT_SNUM,CLOG_NAME,CONTENT,CLOG_TIME) 
VALUES ('SC0000000002','RS0000000002','店家','評論ㄧ直被洗受不鳥，請盡快處理',to_date('2017-10-31','yyyy-mm-dd'));

INSERT INTO STORE_CHATLOG (SC_NUM,RPT_SNUM,CLOG_NAME,CONTENT,CLOG_TIME) 
VALUES ('SC0000000003','RS0000000001','後台','已收到您的訊息，正在處理中',to_date('2017-10-31','yyyy-mm-dd'));

INSERT INTO STORE_CHATLOG (SC_NUM,RPT_SNUM,CLOG_NAME,CONTENT,CLOG_TIME) 
VALUES ('SC0000000004','RS0000000002','後台','已收到您的訊息，正在處理中',to_date('2017-10-31','yyyy-mm-dd'));

INSERT INTO STORE_CHATLOG (SC_NUM,RPT_SNUM,CLOG_NAME,CONTENT,CLOG_TIME) 
VALUES ('SC0000000005','RS0000000003','店家','測試123',to_date('2017-10-31','yyyy-mm-dd'));

INSERT INTO STORE_CHATLOG (SC_NUM,RPT_SNUM,CLOG_NAME,CONTENT,CLOG_TIME) 
VALUES ('SC0000000006','RS0000000003','後台','有收到喔^_^',to_date('2017-10-31','yyyy-mm-dd'));

INSERT INTO STORE_CHATLOG (SC_NUM,RPT_SNUM,CLOG_NAME,CONTENT,CLOG_TIME) 
VALUES ('SC0000000007','RS0000000004','店家','dog多次訂購不取貨，請盡快處理',to_date('2017-10-31','yyyy-mm-dd'));

INSERT INTO STORE_CHATLOG (SC_NUM,RPT_SNUM,CLOG_NAME,CONTENT,CLOG_TIME) 
VALUES ('SC0000000008','RS0000000004','後台','已收到您的訊息，正在處理中',to_date('2017-10-31','yyyy-mm-dd'));

--------end STORE_CHATLOG------------


--------32 REPORT_MEMBER------------
INSERT INTO REPORT_MEMBER (RPT_MNUM,MEM_NUM,MEM_NUM2,STO_NUM,COM_NUM,RPT_TIME,STATUS,STAFF_NUM,SCORE)
VALUES ('RM0000000001','MB0000000001','MB0000000002','','',to_date('2017-10-31','yyyy-mm-dd'),'待處理','','');

INSERT INTO REPORT_MEMBER (RPT_MNUM,MEM_NUM,MEM_NUM2,STO_NUM,COM_NUM,RPT_TIME,STATUS,STAFF_NUM,SCORE)
VALUES ('RM0000000002','MB0000000002','','ST0000000001','',to_date('2017-10-31','yyyy-mm-dd'),'待處理','','');

INSERT INTO REPORT_MEMBER (RPT_MNUM,MEM_NUM,MEM_NUM2,STO_NUM,COM_NUM,RPT_TIME,STATUS,STAFF_NUM,SCORE)
VALUES ('RM0000000003','MB0000000003','','','CM0000000000001',to_date('2017-10-31','yyyy-mm-dd'),'待處理','','');

INSERT INTO REPORT_MEMBER (RPT_MNUM,MEM_NUM,MEM_NUM2,STO_NUM,COM_NUM,RPT_TIME,STATUS,STAFF_NUM,SCORE)
VALUES ('RM0000000004','MB0000000004','MB0000000003','','',to_date('2017-11-03','yyyy-mm-dd'),'待處理','','');

INSERT INTO REPORT_MEMBER (RPT_MNUM,MEM_NUM,MEM_NUM2,STO_NUM,COM_NUM,RPT_TIME,STATUS,STAFF_NUM,SCORE)
VALUES ('RM0000000005','MB0000000005','','ST0000000001','',to_date('2017-10-04','yyyy-mm-dd'),'待處理','','');

INSERT INTO REPORT_MEMBER (RPT_MNUM,MEM_NUM,MEM_NUM2,STO_NUM,COM_NUM,RPT_TIME,STATUS,STAFF_NUM,SCORE)
VALUES ('RM0000000006','MB0000000006','','','CM0000000000002',to_date('2017-10-05','yyyy-mm-dd'),'待處理','','');

INSERT INTO REPORT_MEMBER (RPT_MNUM,MEM_NUM,MEM_NUM2,STO_NUM,COM_NUM,RPT_TIME,STATUS,STAFF_NUM,SCORE)
VALUES ('RM0000000007','MB0000000007','','','CM0000000000003',to_date('2017-10-05','yyyy-mm-dd'),'待處理','','');


--------end REPORT_MEMBER------------


--------33 MEMBER_CHATLOG------------
INSERT INTO MEMBER_CHATLOG (MC_NUM,RPT_MNUM,CLOG_NAME,CONTENT,CLOG_TIME) 
VALUES ('MC0000000001','RM0000000001','會員','怪怪的人一直加我好友',to_date('2017-8-31','yyyy-mm-dd'));

INSERT INTO MEMBER_CHATLOG (MC_NUM,RPT_MNUM,CLOG_NAME,CONTENT,CLOG_TIME) 
VALUES ('MC0000000002','RM0000000001','後台','已回報給管理員',to_date('2017-8-31','yyyy-mm-dd'));

INSERT INTO MEMBER_CHATLOG (MC_NUM,RPT_MNUM,CLOG_NAME,CONTENT,CLOG_TIME) 
VALUES ('MC0000000003','RM0000000002','會員','這家店賣的是摸摸茶',to_date('2017-8-31','yyyy-mm-dd'));

INSERT INTO MEMBER_CHATLOG (MC_NUM,RPT_MNUM,CLOG_NAME,CONTENT,CLOG_TIME) 
VALUES ('MC0000000004','RM0000000002','後台','已回報給管理員',to_date('2017-8-31','yyyy-mm-dd'));

INSERT INTO MEMBER_CHATLOG (MC_NUM,RPT_MNUM,CLOG_NAME,CONTENT,CLOG_TIME) 
VALUES ('MC0000000005','RM0000000003','會員','這個人ㄧ直在洗版',to_date('2017-8-31','yyyy-mm-dd'));

INSERT INTO MEMBER_CHATLOG (MC_NUM,RPT_MNUM,CLOG_NAME,CONTENT,CLOG_TIME) 
VALUES ('MC0000000006','RM0000000003','後台','已回報給工程師處理中',to_date('2017-8-31','yyyy-mm-dd'));

INSERT INTO MEMBER_CHATLOG (MC_NUM,RPT_MNUM,CLOG_NAME,CONTENT,CLOG_TIME) 
VALUES ('MC0000000007','RM0000000004','會員','頭像太猥瑣',to_date('2017-8-31','yyyy-mm-dd'));

INSERT INTO MEMBER_CHATLOG (MC_NUM,RPT_MNUM,CLOG_NAME,CONTENT,CLOG_TIME) 
VALUES ('MC0000000008','RM0000000004','後台','已回報管理員處理中',to_date('2017-8-31','yyyy-mm-dd'));


--------end MEMBER_CHATLOG------------


--------34 KEEP_RECORD ------------

INSERT INTO KEEP_RECORD
(KEEP_NUM,MEM_NUM,STO_NUM,COM_NUM,ORDET_NUM,KEEP_STATUS)
VALUES('KN0000000001','MB0000000001','ST0000000001','CN0000000001','OD0000000001','未領取');

INSERT INTO KEEP_RECORD
(KEEP_NUM,MEM_NUM,STO_NUM,COM_NUM,ORDET_NUM,KEEP_STATUS)
VALUES('KN0000000002','MB0000000002','ST0000000002','CN0000000002','OD0000000002','已領取');	

INSERT INTO KEEP_RECORD
(KEEP_NUM,MEM_NUM,STO_NUM,COM_NUM,ORDET_NUM,KEEP_STATUS,FAIL_REASON)
VALUES('KN0000000003','MB0000000003','ST0000000003','CN0000000003','OD0000000003','審核失敗','因為我不爽他');	


INSERT INTO KEEP_RECORD
(KEEP_NUM,MEM_NUM,STO_NUM,COM_NUM,ORDET_NUM,KEEP_STATUS,FAIL_REASON)
VALUES('KN0000000004','MB0000000004','ST0000000004','CN0000000004','OD0000000004','審核失敗','因為我討厭他');	


INSERT INTO KEEP_RECORD
(KEEP_NUM,MEM_NUM,STO_NUM,COM_NUM,ORDET_NUM,KEEP_STATUS,FAIL_REASON)
VALUES('KN0000000005','MB0000000005','ST0000000005','CN0000000005','OD0000000005','審核失敗','因為我騙他');	



--------end KEEP_RECORD ------------


commit;



------------1. MEMBER_PROFILE------------
DROP SEQUENCE SEQ_MEM_NUM;

CREATE SEQUENCE SEQ_MEM_NUM
  INCREMENT BY 1	
  START WITH 100		
  NOMAXVALUE		
  MINVALUE 1		
  NOCYCLE; 


-----------------------------------------


------------2. STORE_PROFILE------------
DROP SEQUENCE SEQ_STO_NUM;

CREATE SEQUENCE SEQ_STO_NUM
  INCREMENT BY 1	
  START WITH 100		
  NOMAXVALUE		
  MINVALUE 1		
  NOCYCLE; 


-----------------------------------------


------------3. STORE_IMAGE------------

DROP SEQUENCE SEQ_IMG_NUM;

CREATE SEQUENCE SEQ_IMG_NUM
  INCREMENT BY 1	
  START WITH 100		
  NOMAXVALUE		
  MINVALUE 1		
  NOCYCLE; 

-----------------------------------------


------------4. BM_NO------------

DROP SEQUENCE SEQ_BM_NO;

CREATE SEQUENCE SEQ_BM_NO
  INCREMENT BY 1	
  START WITH 100		
  NOMAXVALUE		
  MINVALUE 1		
  NOCYCLE; 


-----------------------------------------


------------5. AB_NO------------

DROP SEQUENCE SEQ_AB_NO;

CREATE SEQUENCE SEQ_AB_NO
  INCREMENT BY 1	
  START WITH 100		
  NOMAXVALUE		
  MINVALUE 1		
  NOCYCLE; 

-----------------------------------------


------------6. AD_NO------------

DROP SEQUENCE SEQ_AD_NO;

CREATE SEQUENCE SEQ_AD_NO
  INCREMENT BY 1	
  START WITH 100		
  NOMAXVALUE		
  MINVALUE 1		
  NOCYCLE; 

-----------------------------------------


------------7. FUNC_NO------------


DROP SEQUENCE SEQ_FUNC_NO;

CREATE SEQUENCE SEQ_FUNC_NO
  INCREMENT BY 1	
  START WITH 100		
  NOMAXVALUE		
  MINVALUE 1		
  NOCYCLE; 


-----------------------------------------


------------8. Product_type------------


DROP SEQUENCE SEQ_PT_NUM;

CREATE SEQUENCE SEQ_PT_NUM
  INCREMENT BY 1	
  START WITH 20		
  NOMAXVALUE		
  MINVALUE 1		
  NOCYCLE; 

-----------------------------------------


------------9. COM_NUM------------

DROP SEQUENCE SEQ_COM_NUM;

CREATE SEQUENCE SEQ_COM_NUM
  INCREMENT BY 1	
  START WITH 100		
  NOMAXVALUE		
  MINVALUE 1		
  NOCYCLE;

-----------------------------------------


------------10. MERCOM_NUM------------

DROP SEQUENCE SEQ_MERCOM_NUM;

CREATE SEQUENCE SEQ_MERCOM_NUM
  INCREMENT BY 1	
  START WITH 100		
  NOMAXVALUE		
  MINVALUE 1		
  NOCYCLE;

-----------------------------------------


------------11. MEROR_NUM------------
DROP SEQUENCE SEQ_MEROR_NUM;

CREATE SEQUENCE SEQ_MEROR_NUM
  INCREMENT BY 1	
  START WITH 100		
  NOMAXVALUE		
  MINVALUE 1		
  NOCYCLE; 


-----------------------------------------


------------12. OR_NUM------------
DROP SEQUENCE SEQ_OR_NUM;

CREATE SEQUENCE SEQ_OR_NUM
  INCREMENT BY 1	
  START WITH 100		
  NOMAXVALUE		
  MINVALUE 1		
  NOCYCLE;    


-----------------------------------------


------------13. EXT_NUM------------


DROP SEQUENCE SEQ_EXT_NUM;

CREATE SEQUENCE SEQ_EXT_NUM
  INCREMENT BY 1	
  START WITH 100		
  NOMAXVALUE		
  MINVALUE 1		
  NOCYCLE;

-----------------------------------------


------------14. ICE_NUM------------


DROP SEQUENCE SEQ_ICE_NUM;

CREATE SEQUENCE SEQ_ICE_NUM
  INCREMENT BY 1	
  START WITH 100		
  NOMAXVALUE		
  MINVALUE 1		
  NOCYCLE;

-----------------------------------------


------------15. SWEET_NUM------------


DROP SEQUENCE SEQ_SWEET_NUM;

CREATE SEQUENCE SEQ_SWEET_NUM
  INCREMENT BY 1	
  START WITH 100	
  NOMAXVALUE		
  MINVALUE 1		
  NOCYCLE;

-----------------------------------------


------------16. ORDET_NUM------------


DROP SEQUENCE SEQ_ORDET_NUM;

CREATE SEQUENCE SEQ_ORDET_NUM
  INCREMENT BY 1	
  START WITH 100		
  NOMAXVALUE		
  MINVALUE 1		
  NOCYCLE;

-----------------------------------------


------------17. COM_NUM------------

DROP SEQUENCE SEQ_COM_NUM;

CREATE SEQUENCE SEQ_COM_NUM
  INCREMENT BY 1	
  START WITH 100		
  NOMAXVALUE		
  MINVALUE 1		
  NOCYCLE; 

-----------------------------------------


------------18. CARD_KINDS------------

DROP SEQUENCE SEQ_CARD_KINDS;

CREATE SEQUENCE SEQ_CARD_KINDS
INCREMENT BY 1 
START WITH 100 
NOMAXVALUE  
MINVALUE 1 
NOCYCLE;


-----------------------------------------


------------19. CARD_NUM------------

DROP SEQUENCE SEQ_CARD_NUM;

CREATE SEQUENCE SEQ_CARD_NUM
 
INCREMENT BY 1 
START WITH 100 
NOMAXVALUE  
MINVALUE 1 
NOCYCLE;

-----------------------------------------


------------20. COUPON_NUM------------

DROP SEQUENCE SEQ_COUPON_NUM;

CREATE SEQUENCE SEQ_COUPON_NUM
 
INCREMENT BY 1 
START WITH 100 
NOMAXVALUE  
MINVALUE 1 
NOCYCLE;


-----------------------------------------


------------21. VALUE_NUM------------
DROP SEQUENCE SEQ_VALUE_NUM;

CREATE SEQUENCE SEQ_VALUE_NUM
INCREMENT BY 1 
START WITH 100 
NOMAXVALUE  
MINVALUE 1 
NOCYCLE;

-----------------------------------------


------------22. REM_NUM------------

DROP SEQUENCE SEQ_REM_NUM;

CREATE SEQUENCE SEQ_REM_NUM
 
INCREMENT BY 1 
START WITH 100 
NOMAXVALUE  
MINVALUE 1 
NOCYCLE;

-----------------------------------------


------------23. RPT_SNUM------------

DROP SEQUENCE SEQ_RPT_SNUM;

CREATE SEQUENCE SEQ_RPT_SNUM
 
INCREMENT BY 1 
START WITH 100 
NOMAXVALUE  
MINVALUE 1 
NOCYCLE;
-----------------------------------------


------------24. SC_NUM------------

DROP SEQUENCE SEQ_SC_NUM;

CREATE SEQUENCE SEQ_SC_NUM
 
INCREMENT BY 1 
START WITH 100 
NOMAXVALUE  
MINVALUE 1 
NOCYCLE;

-----------------------------------------


------------25. RPT_MNUM------------

DROP SEQUENCE SEQ_RPT_MNUM;

CREATE SEQUENCE SEQ_RPT_MNUM
 
INCREMENT BY 1 
START WITH 100 
NOMAXVALUE  
MINVALUE 1 
NOCYCLE;
-----------------------------------------


------------26. MC_NUM------------

DROP SEQUENCE SEQ_MC_NUM;

CREATE SEQUENCE SEQ_MC_NUM
 
INCREMENT BY 1 
START WITH 100 
NOMAXVALUE  
MINVALUE 1 
NOCYCLE;

-----------------------------------------


------------27. KEEP_NUM------------

DROP SEQUENCE SEQ_KEEP_NUM;

CREATE SEQUENCE SEQ_KEEP_NUM
 
INCREMENT BY 1 
START WITH 100 
NOMAXVALUE  
MINVALUE 1 
NOCYCLE;

-----------------------------------------
commit;
